CLAVE_MUNICIPIO,MUNICIPIO,CLAVE_ENTIDAD,ENTIDAD
1,AGUASCALIENTES,1,AGUASCALIENTES
2,ASIENTOS,1,AGUASCALIENTES
3,CALVILLO,1,AGUASCALIENTES
4,COSÍO,1,AGUASCALIENTES
5,JESÚS MARÍA,1,AGUASCALIENTES
6,PABELLÓN DE ARTEAGA,1,AGUASCALIENTES
7,RINCÓN DE ROMOS,1,AGUASCALIENTES
8,SAN JOSÉ DE GRACIA,1,AGUASCALIENTES
9,TEPEZALÁ,1,AGUASCALIENTES
10,EL LLANO,1,AGUASCALIENTES
11,SAN FRANCISCO DE LOS ROMO,1,AGUASCALIENTES
999,NO ESPECIFICADO,1,AGUASCALIENTES
1,ENSENADA,2,BAJA CALIFORNIA
2,MEXICALI,2,BAJA CALIFORNIA
3,TECATE,2,BAJA CALIFORNIA
4,TIJUANA,2,BAJA CALIFORNIA
5,PLAYAS DE ROSARITO,2,BAJA CALIFORNIA
999,NO ESPECIFICADO,2,BAJA CALIFORNIA
1,COMONDÚ,3,BAJA CALIFORNIA SUR
2,MULEGÉ,3,BAJA CALIFORNIA SUR
3,LA PAZ,3,BAJA CALIFORNIA SUR
8,LOS CABOS,3,BAJA CALIFORNIA SUR
9,LORETO,3,BAJA CALIFORNIA SUR
999,NO ESPECIFICADO,3,BAJA CALIFORNIA SUR
1,CALKINÍ,4,CAMPECHE
2,CAMPECHE,4,CAMPECHE
3,CARMEN,4,CAMPECHE
4,CHAMPOTÓN,4,CAMPECHE
5,HECELCHAKÁN,4,CAMPECHE
6,HOPELCHÉN,4,CAMPECHE
7,PALIZADA,4,CAMPECHE
8,TENABO,4,CAMPECHE
9,ESCÁRCEGA,4,CAMPECHE
10,CALAKMUL,4,CAMPECHE
11,CANDELARIA,4,CAMPECHE
999,NO ESPECIFICADO,4,CAMPECHE
1,ABASOLO,5,COAHUILA
2,ACUÑA,5,COAHUILA
3,ALLENDE,5,COAHUILA
4,ARTEAGA,5,COAHUILA
5,CANDELA,5,COAHUILA
6,CASTAÑOS,5,COAHUILA
7,CUATRO CIÉNEGAS,5,COAHUILA
8,ESCOBEDO,5,COAHUILA
9,FRANCISCO I. MADERO,5,COAHUILA
10,FRONTERA,5,COAHUILA
11,GENERAL CEPEDA,5,COAHUILA
12,GUERRERO,5,COAHUILA
13,HIDALGO,5,COAHUILA
14,JIMÉNEZ,5,COAHUILA
15,JUÁREZ,5,COAHUILA
16,LAMADRID,5,COAHUILA
17,MATAMOROS,5,COAHUILA
18,MONCLOVA,5,COAHUILA
19,MORELOS,5,COAHUILA
20,MÚZQUIZ,5,COAHUILA
21,NADADORES,5,COAHUILA
22,NAVA,5,COAHUILA
23,OCAMPO,5,COAHUILA
24,PARRAS,5,COAHUILA
25,PIEDRAS NEGRAS,5,COAHUILA
26,PROGRESO,5,COAHUILA
27,RAMOS ARIZPE,5,COAHUILA
28,SABINAS,5,COAHUILA
29,SACRAMENTO,5,COAHUILA
30,SALTILLO,5,COAHUILA
31,SAN BUENAVENTURA,5,COAHUILA
32,SAN JUAN DE SABINAS,5,COAHUILA
33,SAN PEDRO,5,COAHUILA
34,SIERRA MOJADA,5,COAHUILA
35,TORREÓN,5,COAHUILA
36,VIESCA,5,COAHUILA
37,VILLA UNIÓN,5,COAHUILA
38,ZARAGOZA,5,COAHUILA
999,NO ESPECIFICADO,5,COAHUILA
1,ARMERÍA,6,COLIMA
2,COLIMA,6,COLIMA
3,COMALA,6,COLIMA
4,COQUIMATLÁN,6,COLIMA
5,CUAUHTÉMOC,6,COLIMA
6,IXTLAHUACÁN,6,COLIMA
7,MANZANILLO,6,COLIMA
8,MINATITLÁN,6,COLIMA
9,TECOMÁN,6,COLIMA
10,VILLA DE ÁLVAREZ,6,COLIMA
999,NO ESPECIFICADO,6,COLIMA
1,ACACOYAGUA,7,CHIAPAS
2,ACALA,7,CHIAPAS
3,ACAPETAHUA,7,CHIAPAS
4,ALTAMIRANO,7,CHIAPAS
5,AMATÁN,7,CHIAPAS
6,AMATENANGO DE LA FRONTERA,7,CHIAPAS
7,AMATENANGO DEL VALLE,7,CHIAPAS
8,ANGEL ALBINO CORZO,7,CHIAPAS
9,ARRIAGA,7,CHIAPAS
10,BEJUCAL DE OCAMPO,7,CHIAPAS
11,BELLA VISTA,7,CHIAPAS
12,BERRIOZÁBAL,7,CHIAPAS
13,BOCHIL,7,CHIAPAS
14,EL BOSQUE,7,CHIAPAS
15,CACAHOATÁN,7,CHIAPAS
16,CATAZAJÁ,7,CHIAPAS
17,CINTALAPA,7,CHIAPAS
18,COAPILLA,7,CHIAPAS
19,COMITÁN DE DOMÍNGUEZ,7,CHIAPAS
20,LA CONCORDIA,7,CHIAPAS
21,COPAINALÁ,7,CHIAPAS
22,CHALCHIHUITÁN,7,CHIAPAS
23,CHAMULA,7,CHIAPAS
24,CHANAL,7,CHIAPAS
25,CHAPULTENANGO,7,CHIAPAS
26,CHENALHÓ,7,CHIAPAS
27,CHIAPA DE CORZO,7,CHIAPAS
28,CHIAPILLA,7,CHIAPAS
29,CHICOASÉN,7,CHIAPAS
30,CHICOMUSELO,7,CHIAPAS
31,CHILÓN,7,CHIAPAS
32,ESCUINTLA,7,CHIAPAS
33,FRANCISCO LEÓN,7,CHIAPAS
34,FRONTERA COMALAPA,7,CHIAPAS
35,FRONTERA HIDALGO,7,CHIAPAS
36,LA GRANDEZA,7,CHIAPAS
37,HUEHUETÁN,7,CHIAPAS
38,HUIXTÁN,7,CHIAPAS
39,HUITIUPÁN,7,CHIAPAS
40,HUIXTLA,7,CHIAPAS
41,LA INDEPENDENCIA,7,CHIAPAS
42,IXHUATÁN,7,CHIAPAS
43,IXTACOMITÁN,7,CHIAPAS
44,IXTAPA,7,CHIAPAS
45,IXTAPANGAJOYA,7,CHIAPAS
46,JIQUIPILAS,7,CHIAPAS
47,JITOTOL,7,CHIAPAS
48,JUÁREZ,7,CHIAPAS
49,LARRÁINZAR,7,CHIAPAS
50,LA LIBERTAD,7,CHIAPAS
51,MAPASTEPEC,7,CHIAPAS
52,LAS MARGARITAS,7,CHIAPAS
53,MAZAPA DE MADERO,7,CHIAPAS
54,MAZATÁN,7,CHIAPAS
55,METAPA,7,CHIAPAS
56,MITONTIC,7,CHIAPAS
57,MOTOZINTLA,7,CHIAPAS
58,NICOLÁS RUÍZ,7,CHIAPAS
59,OCOSINGO,7,CHIAPAS
60,OCOTEPEC,7,CHIAPAS
61,OCOZOCOAUTLA DE ESPINOSA,7,CHIAPAS
62,OSTUACÁN,7,CHIAPAS
63,OSUMACINTA,7,CHIAPAS
64,OXCHUC,7,CHIAPAS
65,PALENQUE,7,CHIAPAS
66,PANTELHÓ,7,CHIAPAS
67,PANTEPEC,7,CHIAPAS
68,PICHUCALCO,7,CHIAPAS
69,PIJIJIAPAN,7,CHIAPAS
70,EL PORVENIR,7,CHIAPAS
71,VILLA COMALTITLÁN,7,CHIAPAS
72,PUEBLO NUEVO SOLISTAHUACÁN,7,CHIAPAS
73,RAYÓN,7,CHIAPAS
74,REFORMA,7,CHIAPAS
75,LAS ROSAS,7,CHIAPAS
76,SABANILLA,7,CHIAPAS
77,SALTO DE AGUA,7,CHIAPAS
78,SAN CRISTÓBAL DE LAS CASAS,7,CHIAPAS
79,SAN FERNANDO,7,CHIAPAS
80,SILTEPEC,7,CHIAPAS
81,SIMOJOVEL,7,CHIAPAS
82,SITALÁ,7,CHIAPAS
83,SOCOLTENANGO,7,CHIAPAS
84,SOLOSUCHIAPA,7,CHIAPAS
85,SOYALÓ,7,CHIAPAS
86,SUCHIAPA,7,CHIAPAS
87,SUCHIATE,7,CHIAPAS
88,SUNUAPA,7,CHIAPAS
89,TAPACHULA,7,CHIAPAS
90,TAPALAPA,7,CHIAPAS
91,TAPILULA,7,CHIAPAS
92,TECPATÁN,7,CHIAPAS
93,TENEJAPA,7,CHIAPAS
94,TEOPISCA,7,CHIAPAS
96,TILA,7,CHIAPAS
97,TONALÁ,7,CHIAPAS
98,TOTOLAPA,7,CHIAPAS
99,LA TRINITARIA,7,CHIAPAS
100,TUMBALÁ,7,CHIAPAS
101,TUXTLA GUTIÉRREZ,7,CHIAPAS
102,TUXTLA CHICO,7,CHIAPAS
103,TUZANTÁN,7,CHIAPAS
104,TZIMOL,7,CHIAPAS
105,UNIÓN JUÁREZ,7,CHIAPAS
106,VENUSTIANO CARRANZA,7,CHIAPAS
107,VILLA CORZO,7,CHIAPAS
108,VILLAFLORES,7,CHIAPAS
109,YAJALÓN,7,CHIAPAS
110,SAN LUCAS,7,CHIAPAS
111,ZINACANTÁN,7,CHIAPAS
112,SAN JUAN CANCUC,7,CHIAPAS
113,ALDAMA,7,CHIAPAS
114,BENEMÉRITO DE LAS AMÉRICAS,7,CHIAPAS
115,MARAVILLA TENEJAPA,7,CHIAPAS
116,MARQUÉS DE COMILLAS,7,CHIAPAS
117,MONTECRISTO DE GUERRERO,7,CHIAPAS
118,SAN ANDRÉS DURAZNAL,7,CHIAPAS
119,SANTIAGO EL PINAR,7,CHIAPAS
120,CAPITÁN LUIS ÁNGEL VIDAL,7,CHIAPAS
121,RINCÓN CHAMULA SAN PEDRO,7,CHIAPAS
122,EL PARRAL,7,CHIAPAS
123,EMILIANO ZAPATA,7,CHIAPAS
124,MEZCALAPA,7,CHIAPAS
999,NO ESPECIFICADO,7,CHIAPAS
1,AHUMADA,8,CHIHUAHUA
2,ALDAMA,8,CHIHUAHUA
3,ALLENDE,8,CHIHUAHUA
4,AQUILES SERDÁN,8,CHIHUAHUA
5,ASCENSIÓN,8,CHIHUAHUA
6,BACHÍNIVA,8,CHIHUAHUA
7,BALLEZA,8,CHIHUAHUA
8,BATOPILAS DE MANUEL GÓMEZ MORÍN,8,CHIHUAHUA
9,BOCOYNA,8,CHIHUAHUA
10,BUENAVENTURA,8,CHIHUAHUA
11,CAMARGO,8,CHIHUAHUA
12,CARICHÍ,8,CHIHUAHUA
13,CASAS GRANDES,8,CHIHUAHUA
14,CORONADO,8,CHIHUAHUA
15,COYAME DEL SOTOL,8,CHIHUAHUA
16,LA CRUZ,8,CHIHUAHUA
17,CUAUHTÉMOC,8,CHIHUAHUA
18,CUSIHUIRIACHI,8,CHIHUAHUA
19,CHIHUAHUA,8,CHIHUAHUA
20,CHÍNIPAS,8,CHIHUAHUA
21,DELICIAS,8,CHIHUAHUA
22,DR. BELISARIO DOMÍNGUEZ,8,CHIHUAHUA
23,GALEANA,8,CHIHUAHUA
24,SANTA ISABEL,8,CHIHUAHUA
25,GÓMEZ FARÍAS,8,CHIHUAHUA
26,GRAN MORELOS,8,CHIHUAHUA
27,GUACHOCHI,8,CHIHUAHUA
28,GUADALUPE,8,CHIHUAHUA
29,GUADALUPE Y CALVO,8,CHIHUAHUA
30,GUAZAPARES,8,CHIHUAHUA
31,GUERRERO,8,CHIHUAHUA
32,HIDALGO DEL PARRAL,8,CHIHUAHUA
33,HUEJOTITÁN,8,CHIHUAHUA
34,IGNACIO ZARAGOZA,8,CHIHUAHUA
35,JANOS,8,CHIHUAHUA
36,JIMÉNEZ,8,CHIHUAHUA
37,JUÁREZ,8,CHIHUAHUA
38,JULIMES,8,CHIHUAHUA
39,LÓPEZ,8,CHIHUAHUA
40,MADERA,8,CHIHUAHUA
41,MAGUARICHI,8,CHIHUAHUA
42,MANUEL BENAVIDES,8,CHIHUAHUA
43,MATACHÍ,8,CHIHUAHUA
44,MATAMOROS,8,CHIHUAHUA
45,MEOQUI,8,CHIHUAHUA
46,MORELOS,8,CHIHUAHUA
47,MORIS,8,CHIHUAHUA
48,NAMIQUIPA,8,CHIHUAHUA
49,NONOAVA,8,CHIHUAHUA
50,NUEVO CASAS GRANDES,8,CHIHUAHUA
51,OCAMPO,8,CHIHUAHUA
52,OJINAGA,8,CHIHUAHUA
53,PRAXEDIS G. GUERRERO,8,CHIHUAHUA
54,RIVA PALACIO,8,CHIHUAHUA
55,ROSALES,8,CHIHUAHUA
56,ROSARIO,8,CHIHUAHUA
57,SAN FRANCISCO DE BORJA,8,CHIHUAHUA
58,SAN FRANCISCO DE CONCHOS,8,CHIHUAHUA
59,SAN FRANCISCO DEL ORO,8,CHIHUAHUA
60,SANTA BÁRBARA,8,CHIHUAHUA
61,SATEVÓ,8,CHIHUAHUA
62,SAUCILLO,8,CHIHUAHUA
63,TEMÓSACHIC,8,CHIHUAHUA
64,EL TULE,8,CHIHUAHUA
65,URIQUE,8,CHIHUAHUA
66,URUACHI,8,CHIHUAHUA
67,VALLE DE ZARAGOZA,8,CHIHUAHUA
999,NO ESPECIFICADO,8,CHIHUAHUA
2,AZCAPOTZALCO,9,CIUDAD DE MEXICO
3,COYOACÁN,9,CIUDAD DE MEXICO
4,CUAJIMALPA DE MORELOS,9,CIUDAD DE MEXICO
5,GUSTAVO A. MADERO,9,CIUDAD DE MEXICO
6,IZTACALCO,9,CIUDAD DE MEXICO
7,IZTAPALAPA,9,CIUDAD DE MEXICO
8,LA MAGDALENA CONTRERAS,9,CIUDAD DE MEXICO
9,MILPA ALTA,9,CIUDAD DE MEXICO
10,ÁLVARO OBREGÓN,9,CIUDAD DE MEXICO
11,TLÁHUAC,9,CIUDAD DE MEXICO
12,TLALPAN,9,CIUDAD DE MEXICO
13,XOCHIMILCO,9,CIUDAD DE MEXICO
14,BENITO JUÁREZ,9,CIUDAD DE MEXICO
15,CUAUHTÉMOC,9,CIUDAD DE MEXICO
16,MIGUEL HIDALGO,9,CIUDAD DE MEXICO
17,VENUSTIANO CARRANZA,9,CIUDAD DE MEXICO
999,NO ESPECIFICADO,9,CIUDAD DE MEXICO
1,CANATLÁN,10,DURANGO
2,CANELAS,10,DURANGO
3,CONETO DE COMONFORT,10,DURANGO
4,CUENCAMÉ,10,DURANGO
5,DURANGO,10,DURANGO
6,GENERAL SIMÓN BOLÍVAR,10,DURANGO
7,GÓMEZ PALACIO,10,DURANGO
8,GUADALUPE VICTORIA,10,DURANGO
9,GUANACEVÍ,10,DURANGO
10,HIDALGO,10,DURANGO
11,INDÉ,10,DURANGO
12,LERDO,10,DURANGO
13,MAPIMÍ,10,DURANGO
14,MEZQUITAL,10,DURANGO
15,NAZAS,10,DURANGO
16,NOMBRE DE DIOS,10,DURANGO
17,OCAMPO,10,DURANGO
18,EL ORO,10,DURANGO
19,OTÁEZ,10,DURANGO
20,PÁNUCO DE CORONADO,10,DURANGO
21,PEÑÓN BLANCO,10,DURANGO
22,POANAS,10,DURANGO
23,PUEBLO NUEVO,10,DURANGO
24,RODEO,10,DURANGO
25,SAN BERNARDO,10,DURANGO
26,SAN DIMAS,10,DURANGO
27,SAN JUAN DE GUADALUPE,10,DURANGO
28,SAN JUAN DEL RÍO,10,DURANGO
29,SAN LUIS DEL CORDERO,10,DURANGO
30,SAN PEDRO DEL GALLO,10,DURANGO
31,SANTA CLARA,10,DURANGO
32,SANTIAGO PAPASQUIARO,10,DURANGO
33,SÚCHIL,10,DURANGO
34,TAMAZULA,10,DURANGO
35,TEPEHUANES,10,DURANGO
36,TLAHUALILO,10,DURANGO
37,TOPIA,10,DURANGO
38,VICENTE GUERRERO,10,DURANGO
39,NUEVO IDEAL,10,DURANGO
999,NO ESPECIFICADO,10,DURANGO
1,ABASOLO,11,GUANAJUATO
2,ACÁMBARO,11,GUANAJUATO
3,SAN MIGUEL DE ALLENDE,11,GUANAJUATO
4,APASEO EL ALTO,11,GUANAJUATO
5,APASEO EL GRANDE,11,GUANAJUATO
6,ATARJEA,11,GUANAJUATO
7,CELAYA,11,GUANAJUATO
8,MANUEL DOBLADO,11,GUANAJUATO
9,COMONFORT,11,GUANAJUATO
10,CORONEO,11,GUANAJUATO
11,CORTAZAR,11,GUANAJUATO
12,CUERÁMARO,11,GUANAJUATO
13,DOCTOR MORA,11,GUANAJUATO
14,DOLORES HIDALGO CUNA DE LA INDEPENDENCIA NACIONAL,11,GUANAJUATO
15,GUANAJUATO,11,GUANAJUATO
16,HUANÍMARO,11,GUANAJUATO
17,IRAPUATO,11,GUANAJUATO
18,JARAL DEL PROGRESO,11,GUANAJUATO
19,JERÉCUARO,11,GUANAJUATO
20,LEÓN,11,GUANAJUATO
21,MOROLEÓN,11,GUANAJUATO
22,OCAMPO,11,GUANAJUATO
23,PÉNJAMO,11,GUANAJUATO
24,PUEBLO NUEVO,11,GUANAJUATO
25,PURÍSIMA DEL RINCÓN,11,GUANAJUATO
26,ROMITA,11,GUANAJUATO
27,SALAMANCA,11,GUANAJUATO
28,SALVATIERRA,11,GUANAJUATO
29,SAN DIEGO DE LA UNIÓN,11,GUANAJUATO
30,SAN FELIPE,11,GUANAJUATO
31,SAN FRANCISCO DEL RINCÓN,11,GUANAJUATO
32,SAN JOSÉ ITURBIDE,11,GUANAJUATO
33,SAN LUIS DE LA PAZ,11,GUANAJUATO
34,SANTA CATARINA,11,GUANAJUATO
35,SANTA CRUZ DE JUVENTINO ROSAS,11,GUANAJUATO
36,SANTIAGO MARAVATÍO,11,GUANAJUATO
37,SILAO DE LA VICTORIA,11,GUANAJUATO
38,TARANDACUAO,11,GUANAJUATO
39,TARIMORO,11,GUANAJUATO
40,TIERRA BLANCA,11,GUANAJUATO
41,URIANGATO,11,GUANAJUATO
42,VALLE DE SANTIAGO,11,GUANAJUATO
43,VICTORIA,11,GUANAJUATO
44,VILLAGRÁN,11,GUANAJUATO
45,XICHÚ,11,GUANAJUATO
46,YURIRIA,11,GUANAJUATO
999,NO ESPECIFICADO,11,GUANAJUATO
1,ACAPULCO DE JUÁREZ,12,GUERRERO
2,AHUACUOTZINGO,12,GUERRERO
3,AJUCHITLÁN DEL PROGRESO,12,GUERRERO
4,ALCOZAUCA DE GUERRERO,12,GUERRERO
5,ALPOYECA,12,GUERRERO
6,APAXTLA,12,GUERRERO
7,ARCELIA,12,GUERRERO
8,ATENANGO DEL RÍO,12,GUERRERO
9,ATLAMAJALCINGO DEL MONTE,12,GUERRERO
10,ATLIXTAC,12,GUERRERO
11,ATOYAC DE ÁLVAREZ,12,GUERRERO
12,AYUTLA DE LOS LIBRES,12,GUERRERO
13,AZOYÚ,12,GUERRERO
14,BENITO JUÁREZ,12,GUERRERO
15,BUENAVISTA DE CUÉLLAR,12,GUERRERO
16,COAHUAYUTLA DE JOSÉ MARÍA IZAZAGA,12,GUERRERO
17,COCULA,12,GUERRERO
18,COPALA,12,GUERRERO
19,COPALILLO,12,GUERRERO
20,COPANATOYAC,12,GUERRERO
21,COYUCA DE BENÍTEZ,12,GUERRERO
22,COYUCA DE CATALÁN,12,GUERRERO
23,CUAJINICUILAPA,12,GUERRERO
24,CUALÁC,12,GUERRERO
25,CUAUTEPEC,12,GUERRERO
26,CUETZALA DEL PROGRESO,12,GUERRERO
27,CUTZAMALA DE PINZÓN,12,GUERRERO
28,CHILAPA DE ÁLVAREZ,12,GUERRERO
29,CHILPANCINGO DE LOS BRAVO,12,GUERRERO
30,FLORENCIO VILLARREAL,12,GUERRERO
31,GENERAL CANUTO A. NERI,12,GUERRERO
32,GENERAL HELIODORO CASTILLO,12,GUERRERO
33,HUAMUXTITLÁN,12,GUERRERO
34,HUITZUCO DE LOS FIGUEROA,12,GUERRERO
35,IGUALA DE LA INDEPENDENCIA,12,GUERRERO
36,IGUALAPA,12,GUERRERO
37,IXCATEOPAN DE CUAUHTÉMOC,12,GUERRERO
38,ZIHUATANEJO DE AZUETA,12,GUERRERO
39,JUAN R. ESCUDERO,12,GUERRERO
40,LEONARDO BRAVO,12,GUERRERO
41,MALINALTEPEC,12,GUERRERO
42,MÁRTIR DE CUILAPAN,12,GUERRERO
43,METLATÓNOC,12,GUERRERO
44,MOCHITLÁN,12,GUERRERO
45,OLINALÁ,12,GUERRERO
46,OMETEPEC,12,GUERRERO
47,PEDRO ASCENCIO ALQUISIRAS,12,GUERRERO
48,PETATLÁN,12,GUERRERO
49,PILCAYA,12,GUERRERO
50,PUNGARABATO,12,GUERRERO
51,QUECHULTENANGO,12,GUERRERO
52,SAN LUIS ACATLÁN,12,GUERRERO
53,SAN MARCOS,12,GUERRERO
54,SAN MIGUEL TOTOLAPAN,12,GUERRERO
55,TAXCO DE ALARCÓN,12,GUERRERO
56,TECOANAPA,12,GUERRERO
57,TÉCPAN DE GALEANA,12,GUERRERO
58,TELOLOAPAN,12,GUERRERO
59,TEPECOACUILCO DE TRUJANO,12,GUERRERO
60,TETIPAC,12,GUERRERO
61,TIXTLA DE GUERRERO,12,GUERRERO
62,TLACOACHISTLAHUACA,12,GUERRERO
63,TLACOAPA,12,GUERRERO
64,TLALCHAPA,12,GUERRERO
65,TLALIXTAQUILLA DE MALDONADO,12,GUERRERO
66,TLAPA DE COMONFORT,12,GUERRERO
67,TLAPEHUALA,12,GUERRERO
68,LA UNIÓN DE ISIDORO MONTES DE OCA,12,GUERRERO
69,XALPATLÁHUAC,12,GUERRERO
70,XOCHIHUEHUETLÁN,12,GUERRERO
71,XOCHISTLAHUACA,12,GUERRERO
72,ZAPOTITLÁN TABLAS,12,GUERRERO
73,ZIRÁNDARO,12,GUERRERO
74,ZITLALA,12,GUERRERO
75,EDUARDO NERI,12,GUERRERO
76,ACATEPEC,12,GUERRERO
77,MARQUELIA,12,GUERRERO
78,COCHOAPA EL GRANDE,12,GUERRERO
79,JOSÉ JOAQUÍN DE HERRERA,12,GUERRERO
80,JUCHITÁN,12,GUERRERO
81,ILIATENCO,12,GUERRERO
999,NO ESPECIFICADO,12,GUERRERO
1,ACATLÁN,13,HIDALGO
2,ACAXOCHITLÁN,13,HIDALGO
3,ACTOPAN,13,HIDALGO
4,AGUA BLANCA DE ITURBIDE,13,HIDALGO
5,AJACUBA,13,HIDALGO
6,ALFAJAYUCAN,13,HIDALGO
7,ALMOLOYA,13,HIDALGO
8,APAN,13,HIDALGO
9,EL ARENAL,13,HIDALGO
10,ATITALAQUIA,13,HIDALGO
11,ATLAPEXCO,13,HIDALGO
12,ATOTONILCO EL GRANDE,13,HIDALGO
13,ATOTONILCO DE TULA,13,HIDALGO
14,CALNALI,13,HIDALGO
15,CARDONAL,13,HIDALGO
16,CUAUTEPEC DE HINOJOSA,13,HIDALGO
17,CHAPANTONGO,13,HIDALGO
18,CHAPULHUACÁN,13,HIDALGO
19,CHILCUAUTLA,13,HIDALGO
20,ELOXOCHITLÁN,13,HIDALGO
21,EMILIANO ZAPATA,13,HIDALGO
22,EPAZOYUCAN,13,HIDALGO
23,FRANCISCO I. MADERO,13,HIDALGO
24,HUASCA DE OCAMPO,13,HIDALGO
25,HUAUTLA,13,HIDALGO
26,HUAZALINGO,13,HIDALGO
27,HUEHUETLA,13,HIDALGO
28,HUEJUTLA DE REYES,13,HIDALGO
29,HUICHAPAN,13,HIDALGO
30,IXMIQUILPAN,13,HIDALGO
31,JACALA DE LEDEZMA,13,HIDALGO
32,JALTOCÁN,13,HIDALGO
33,JUÁREZ HIDALGO,13,HIDALGO
34,LOLOTLA,13,HIDALGO
35,METEPEC,13,HIDALGO
36,SAN AGUSTÍN METZQUITITLÁN,13,HIDALGO
37,METZTITLÁN,13,HIDALGO
38,MINERAL DEL CHICO,13,HIDALGO
39,MINERAL DEL MONTE,13,HIDALGO
40,LA MISIÓN,13,HIDALGO
41,MIXQUIAHUALA DE JUÁREZ,13,HIDALGO
42,MOLANGO DE ESCAMILLA,13,HIDALGO
43,NICOLÁS FLORES,13,HIDALGO
44,NOPALA DE VILLAGRÁN,13,HIDALGO
45,OMITLÁN DE JUÁREZ,13,HIDALGO
46,SAN FELIPE ORIZATLÁN,13,HIDALGO
47,PACULA,13,HIDALGO
48,PACHUCA DE SOTO,13,HIDALGO
49,PISAFLORES,13,HIDALGO
50,PROGRESO DE OBREGÓN,13,HIDALGO
51,MINERAL DE LA REFORMA,13,HIDALGO
52,SAN AGUSTÍN TLAXIACA,13,HIDALGO
53,SAN BARTOLO TUTOTEPEC,13,HIDALGO
54,SAN SALVADOR,13,HIDALGO
55,SANTIAGO DE ANAYA,13,HIDALGO
56,SANTIAGO TULANTEPEC DE LUGO GUERRERO,13,HIDALGO
57,SINGUILUCAN,13,HIDALGO
58,TASQUILLO,13,HIDALGO
59,TECOZAUTLA,13,HIDALGO
60,TENANGO DE DORIA,13,HIDALGO
61,TEPEAPULCO,13,HIDALGO
62,TEPEHUACÁN DE GUERRERO,13,HIDALGO
63,TEPEJI DEL RÍO DE OCAMPO,13,HIDALGO
64,TEPETITLÁN,13,HIDALGO
65,TETEPANGO,13,HIDALGO
66,VILLA DE TEZONTEPEC,13,HIDALGO
67,TEZONTEPEC DE ALDAMA,13,HIDALGO
68,TIANGUISTENGO,13,HIDALGO
69,TIZAYUCA,13,HIDALGO
70,TLAHUELILPAN,13,HIDALGO
71,TLAHUILTEPA,13,HIDALGO
72,TLANALAPA,13,HIDALGO
73,TLANCHINOL,13,HIDALGO
74,TLAXCOAPAN,13,HIDALGO
75,TOLCAYUCA,13,HIDALGO
76,TULA DE ALLENDE,13,HIDALGO
77,TULANCINGO DE BRAVO,13,HIDALGO
78,XOCHIATIPAN,13,HIDALGO
79,XOCHICOATLÁN,13,HIDALGO
80,YAHUALICA,13,HIDALGO
81,ZACUALTIPÁN DE ÁNGELES,13,HIDALGO
82,ZAPOTLÁN DE JUÁREZ,13,HIDALGO
83,ZEMPOALA,13,HIDALGO
84,ZIMAPÁN,13,HIDALGO
999,NO ESPECIFICADO,13,HIDALGO
1,ACATIC,14,JALISCO
2,ACATLÁN DE JUÁREZ,14,JALISCO
3,AHUALULCO DE MERCADO,14,JALISCO
4,AMACUECA,14,JALISCO
5,AMATITÁN,14,JALISCO
6,AMECA,14,JALISCO
7,SAN JUANITO DE ESCOBEDO,14,JALISCO
8,ARANDAS,14,JALISCO
9,EL ARENAL,14,JALISCO
10,ATEMAJAC DE BRIZUELA,14,JALISCO
11,ATENGO,14,JALISCO
12,ATENGUILLO,14,JALISCO
13,ATOTONILCO EL ALTO,14,JALISCO
14,ATOYAC,14,JALISCO
15,AUTLÁN DE NAVARRO,14,JALISCO
16,AYOTLÁN,14,JALISCO
17,AYUTLA,14,JALISCO
18,LA BARCA,14,JALISCO
19,BOLAÑOS,14,JALISCO
20,CABO CORRIENTES,14,JALISCO
21,CASIMIRO CASTILLO,14,JALISCO
22,CIHUATLÁN,14,JALISCO
23,ZAPOTLÁN EL GRANDE,14,JALISCO
24,COCULA,14,JALISCO
25,COLOTLÁN,14,JALISCO
26,CONCEPCIÓN DE BUENOS AIRES,14,JALISCO
27,CUAUTITLÁN DE GARCÍA BARRAGÁN,14,JALISCO
28,CUAUTLA,14,JALISCO
29,CUQUÍO,14,JALISCO
30,CHAPALA,14,JALISCO
31,CHIMALTITÁN,14,JALISCO
32,CHIQUILISTLÁN,14,JALISCO
33,DEGOLLADO,14,JALISCO
34,EJUTLA,14,JALISCO
35,ENCARNACIÓN DE DÍAZ,14,JALISCO
36,ETZATLÁN,14,JALISCO
37,EL GRULLO,14,JALISCO
38,GUACHINANGO,14,JALISCO
39,GUADALAJARA,14,JALISCO
40,HOSTOTIPAQUILLO,14,JALISCO
41,HUEJÚCAR,14,JALISCO
42,HUEJUQUILLA EL ALTO,14,JALISCO
43,LA HUERTA,14,JALISCO
44,IXTLAHUACÁN DE LOS MEMBRILLOS,14,JALISCO
45,IXTLAHUACÁN DEL RÍO,14,JALISCO
46,JALOSTOTITLÁN,14,JALISCO
47,JAMAY,14,JALISCO
48,JESÚS MARÍA,14,JALISCO
49,JILOTLÁN DE LOS DOLORES,14,JALISCO
50,JOCOTEPEC,14,JALISCO
51,JUANACATLÁN,14,JALISCO
52,JUCHITLÁN,14,JALISCO
53,LAGOS DE MORENO,14,JALISCO
54,EL LIMÓN,14,JALISCO
55,MAGDALENA,14,JALISCO
56,SANTA MARÍA DEL ORO,14,JALISCO
57,LA MANZANILLA DE LA PAZ,14,JALISCO
58,MASCOTA,14,JALISCO
59,MAZAMITLA,14,JALISCO
60,MEXTICACÁN,14,JALISCO
61,MEZQUITIC,14,JALISCO
62,MIXTLÁN,14,JALISCO
63,OCOTLÁN,14,JALISCO
64,OJUELOS DE JALISCO,14,JALISCO
65,PIHUAMO,14,JALISCO
66,PONCITLÁN,14,JALISCO
67,PUERTO VALLARTA,14,JALISCO
68,VILLA PURIFICACIÓN,14,JALISCO
69,QUITUPAN,14,JALISCO
70,EL SALTO,14,JALISCO
71,SAN CRISTÓBAL DE LA BARRANCA,14,JALISCO
72,SAN DIEGO DE ALEJANDRÍA,14,JALISCO
73,SAN JUAN DE LOS LAGOS,14,JALISCO
74,SAN JULIÁN,14,JALISCO
75,SAN MARCOS,14,JALISCO
76,SAN MARTÍN DE BOLAÑOS,14,JALISCO
77,SAN MARTÍN HIDALGO,14,JALISCO
78,SAN MIGUEL EL ALTO,14,JALISCO
79,GÓMEZ FARÍAS,14,JALISCO
80,SAN SEBASTIÁN DEL OESTE,14,JALISCO
81,SANTA MARÍA DE LOS ÁNGELES,14,JALISCO
82,SAYULA,14,JALISCO
83,TALA,14,JALISCO
84,TALPA DE ALLENDE,14,JALISCO
85,TAMAZULA DE GORDIANO,14,JALISCO
86,TAPALPA,14,JALISCO
87,TECALITLÁN,14,JALISCO
88,TECOLOTLÁN,14,JALISCO
89,TECHALUTA DE MONTENEGRO,14,JALISCO
90,TENAMAXTLÁN,14,JALISCO
91,TEOCALTICHE,14,JALISCO
92,TEOCUITATLÁN DE CORONA,14,JALISCO
93,TEPATITLÁN DE MORELOS,14,JALISCO
94,TEQUILA,14,JALISCO
95,TEUCHITLÁN,14,JALISCO
96,TIZAPÁN EL ALTO,14,JALISCO
97,TLAJOMULCO DE ZÚÑIGA,14,JALISCO
98,SAN PEDRO TLAQUEPAQUE,14,JALISCO
99,TOLIMÁN,14,JALISCO
100,TOMATLÁN,14,JALISCO
101,TONALÁ,14,JALISCO
102,TONAYA,14,JALISCO
103,TONILA,14,JALISCO
104,TOTATICHE,14,JALISCO
105,TOTOTLÁN,14,JALISCO
106,TUXCACUESCO,14,JALISCO
107,TUXCUECA,14,JALISCO
108,TUXPAN,14,JALISCO
109,UNIÓN DE SAN ANTONIO,14,JALISCO
110,UNIÓN DE TULA,14,JALISCO
111,VALLE DE GUADALUPE,14,JALISCO
112,VALLE DE JUÁREZ,14,JALISCO
113,SAN GABRIEL,14,JALISCO
114,VILLA CORONA,14,JALISCO
115,VILLA GUERRERO,14,JALISCO
116,VILLA HIDALGO,14,JALISCO
117,CAÑADAS DE OBREGÓN,14,JALISCO
118,YAHUALICA DE GONZÁLEZ GALLO,14,JALISCO
119,ZACOALCO DE TORRES,14,JALISCO
120,ZAPOPAN,14,JALISCO
121,ZAPOTILTIC,14,JALISCO
122,ZAPOTITLÁN DE VADILLO,14,JALISCO
123,ZAPOTLÁN DEL REY,14,JALISCO
124,ZAPOTLANEJO,14,JALISCO
125,SAN IGNACIO CERRO GORDO,14,JALISCO
999,NO ESPECIFICADO,14,JALISCO
1,ACAMBAY DE RUÍZ CASTAÑEDA,15,MEXICO
2,ACOLMAN,15,MEXICO
3,ACULCO,15,MEXICO
4,ALMOLOYA DE ALQUISIRAS,15,MEXICO
5,ALMOLOYA DE JUÁREZ,15,MEXICO
6,ALMOLOYA DEL RÍO,15,MEXICO
7,AMANALCO,15,MEXICO
8,AMATEPEC,15,MEXICO
9,AMECAMECA,15,MEXICO
10,APAXCO,15,MEXICO
11,ATENCO,15,MEXICO
12,ATIZAPÁN,15,MEXICO
13,ATIZAPÁN DE ZARAGOZA,15,MEXICO
14,ATLACOMULCO,15,MEXICO
15,ATLAUTLA,15,MEXICO
16,AXAPUSCO,15,MEXICO
17,AYAPANGO,15,MEXICO
18,CALIMAYA,15,MEXICO
19,CAPULHUAC,15,MEXICO
20,COACALCO DE BERRIOZÁBAL,15,MEXICO
21,COATEPEC HARINAS,15,MEXICO
22,COCOTITLÁN,15,MEXICO
23,COYOTEPEC,15,MEXICO
24,CUAUTITLÁN,15,MEXICO
25,CHALCO,15,MEXICO
26,CHAPA DE MOTA,15,MEXICO
27,CHAPULTEPEC,15,MEXICO
28,CHIAUTLA,15,MEXICO
29,CHICOLOAPAN,15,MEXICO
30,CHICONCUAC,15,MEXICO
31,CHIMALHUACÁN,15,MEXICO
32,DONATO GUERRA,15,MEXICO
33,ECATEPEC DE MORELOS,15,MEXICO
34,ECATZINGO,15,MEXICO
35,HUEHUETOCA,15,MEXICO
36,HUEYPOXTLA,15,MEXICO
37,HUIXQUILUCAN,15,MEXICO
38,ISIDRO FABELA,15,MEXICO
39,IXTAPALUCA,15,MEXICO
40,IXTAPAN DE LA SAL,15,MEXICO
41,IXTAPAN DEL ORO,15,MEXICO
42,IXTLAHUACA,15,MEXICO
43,XALATLACO,15,MEXICO
44,JALTENCO,15,MEXICO
45,JILOTEPEC,15,MEXICO
46,JILOTZINGO,15,MEXICO
47,JIQUIPILCO,15,MEXICO
48,JOCOTITLÁN,15,MEXICO
49,JOQUICINGO,15,MEXICO
50,JUCHITEPEC,15,MEXICO
51,LERMA,15,MEXICO
52,MALINALCO,15,MEXICO
53,MELCHOR OCAMPO,15,MEXICO
54,METEPEC,15,MEXICO
55,MEXICALTZINGO,15,MEXICO
56,MORELOS,15,MEXICO
57,NAUCALPAN DE JUÁREZ,15,MEXICO
58,NEZAHUALCÓYOTL,15,MEXICO
59,NEXTLALPAN,15,MEXICO
60,NICOLÁS ROMERO,15,MEXICO
61,NOPALTEPEC,15,MEXICO
62,OCOYOACAC,15,MEXICO
63,OCUILAN,15,MEXICO
64,EL ORO,15,MEXICO
65,OTUMBA,15,MEXICO
66,OTZOLOAPAN,15,MEXICO
67,OTZOLOTEPEC,15,MEXICO
68,OZUMBA,15,MEXICO
69,PAPALOTLA,15,MEXICO
70,LA PAZ,15,MEXICO
71,POLOTITLÁN,15,MEXICO
72,RAYÓN,15,MEXICO
73,SAN ANTONIO LA ISLA,15,MEXICO
74,SAN FELIPE DEL PROGRESO,15,MEXICO
75,SAN MARTÍN DE LAS PIRÁMIDES,15,MEXICO
76,SAN MATEO ATENCO,15,MEXICO
77,SAN SIMÓN DE GUERRERO,15,MEXICO
78,SANTO TOMÁS,15,MEXICO
79,SOYANIQUILPAN DE JUÁREZ,15,MEXICO
80,SULTEPEC,15,MEXICO
81,TECÁMAC,15,MEXICO
82,TEJUPILCO,15,MEXICO
83,TEMAMATLA,15,MEXICO
84,TEMASCALAPA,15,MEXICO
85,TEMASCALCINGO,15,MEXICO
86,TEMASCALTEPEC,15,MEXICO
87,TEMOAYA,15,MEXICO
88,TENANCINGO,15,MEXICO
89,TENANGO DEL AIRE,15,MEXICO
90,TENANGO DEL VALLE,15,MEXICO
91,TEOLOYUCAN,15,MEXICO
92,TEOTIHUACÁN,15,MEXICO
93,TEPETLAOXTOC,15,MEXICO
94,TEPETLIXPA,15,MEXICO
95,TEPOTZOTLÁN,15,MEXICO
96,TEQUIXQUIAC,15,MEXICO
97,TEXCALTITLÁN,15,MEXICO
98,TEXCALYACAC,15,MEXICO
99,TEXCOCO,15,MEXICO
100,TEZOYUCA,15,MEXICO
101,TIANGUISTENCO,15,MEXICO
102,TIMILPAN,15,MEXICO
103,TLALMANALCO,15,MEXICO
104,TLALNEPANTLA DE BAZ,15,MEXICO
105,TLATLAYA,15,MEXICO
106,TOLUCA,15,MEXICO
107,TONATICO,15,MEXICO
108,TULTEPEC,15,MEXICO
109,TULTITLÁN,15,MEXICO
110,VALLE DE BRAVO,15,MEXICO
111,VILLA DE ALLENDE,15,MEXICO
112,VILLA DEL CARBÓN,15,MEXICO
113,VILLA GUERRERO,15,MEXICO
114,VILLA VICTORIA,15,MEXICO
115,XONACATLÁN,15,MEXICO
116,ZACAZONAPAN,15,MEXICO
117,ZACUALPAN,15,MEXICO
118,ZINACANTEPEC,15,MEXICO
119,ZUMPAHUACÁN,15,MEXICO
120,ZUMPANGO,15,MEXICO
121,CUAUTITLÁN IZCALLI,15,MEXICO
122,VALLE DE CHALCO SOLIDARIDAD,15,MEXICO
123,LUVIANOS,15,MEXICO
124,SAN JOSÉ DEL RINCÓN,15,MEXICO
125,TONANITLA,15,MEXICO
999,NO ESPECIFICADO,15,MEXICO
1,ACUITZIO,16,MICHOACAN
2,AGUILILLA,16,MICHOACAN
3,ÁLVARO OBREGÓN,16,MICHOACAN
4,ANGAMACUTIRO,16,MICHOACAN
5,ANGANGUEO,16,MICHOACAN
6,APATZINGÁN,16,MICHOACAN
7,APORO,16,MICHOACAN
8,AQUILA,16,MICHOACAN
9,ARIO,16,MICHOACAN
10,ARTEAGA,16,MICHOACAN
11,BRISEÑAS,16,MICHOACAN
12,BUENAVISTA,16,MICHOACAN
13,CARÁCUARO,16,MICHOACAN
14,COAHUAYANA,16,MICHOACAN
15,COALCOMÁN DE VÁZQUEZ PALLARES,16,MICHOACAN
16,COENEO,16,MICHOACAN
17,CONTEPEC,16,MICHOACAN
18,COPÁNDARO,16,MICHOACAN
19,COTIJA,16,MICHOACAN
20,CUITZEO,16,MICHOACAN
21,CHARAPAN,16,MICHOACAN
22,CHARO,16,MICHOACAN
23,CHAVINDA,16,MICHOACAN
24,CHERÁN,16,MICHOACAN
25,CHILCHOTA,16,MICHOACAN
26,CHINICUILA,16,MICHOACAN
27,CHUCÁNDIRO,16,MICHOACAN
28,CHURINTZIO,16,MICHOACAN
29,CHURUMUCO,16,MICHOACAN
30,ECUANDUREO,16,MICHOACAN
31,EPITACIO HUERTA,16,MICHOACAN
32,ERONGARÍCUARO,16,MICHOACAN
33,GABRIEL ZAMORA,16,MICHOACAN
34,HIDALGO,16,MICHOACAN
35,LA HUACANA,16,MICHOACAN
36,HUANDACAREO,16,MICHOACAN
37,HUANIQUEO,16,MICHOACAN
38,HUETAMO,16,MICHOACAN
39,HUIRAMBA,16,MICHOACAN
40,INDAPARAPEO,16,MICHOACAN
41,IRIMBO,16,MICHOACAN
42,IXTLÁN,16,MICHOACAN
43,JACONA,16,MICHOACAN
44,JIMÉNEZ,16,MICHOACAN
45,JIQUILPAN,16,MICHOACAN
46,JUÁREZ,16,MICHOACAN
47,JUNGAPEO,16,MICHOACAN
48,LAGUNILLAS,16,MICHOACAN
49,MADERO,16,MICHOACAN
50,MARAVATÍO,16,MICHOACAN
51,MARCOS CASTELLANOS,16,MICHOACAN
52,LÁZARO CÁRDENAS,16,MICHOACAN
53,MORELIA,16,MICHOACAN
54,MORELOS,16,MICHOACAN
55,MÚGICA,16,MICHOACAN
56,NAHUATZEN,16,MICHOACAN
57,NOCUPÉTARO,16,MICHOACAN
58,NUEVO PARANGARICUTIRO,16,MICHOACAN
59,NUEVO URECHO,16,MICHOACAN
60,NUMARÁN,16,MICHOACAN
61,OCAMPO,16,MICHOACAN
62,PAJACUARÁN,16,MICHOACAN
63,PANINDÍCUARO,16,MICHOACAN
64,PARÁCUARO,16,MICHOACAN
65,PARACHO,16,MICHOACAN
66,PÁTZCUARO,16,MICHOACAN
67,PENJAMILLO,16,MICHOACAN
68,PERIBÁN,16,MICHOACAN
69,LA PIEDAD,16,MICHOACAN
70,PURÉPERO,16,MICHOACAN
71,PURUÁNDIRO,16,MICHOACAN
72,QUERÉNDARO,16,MICHOACAN
73,QUIROGA,16,MICHOACAN
74,COJUMATLÁN DE RÉGULES,16,MICHOACAN
75,LOS REYES,16,MICHOACAN
76,SAHUAYO,16,MICHOACAN
77,SAN LUCAS,16,MICHOACAN
78,SANTA ANA MAYA,16,MICHOACAN
79,SALVADOR ESCALANTE,16,MICHOACAN
80,SENGUIO,16,MICHOACAN
81,SUSUPUATO,16,MICHOACAN
82,TACÁMBARO,16,MICHOACAN
83,TANCÍTARO,16,MICHOACAN
84,TANGAMANDAPIO,16,MICHOACAN
85,TANGANCÍCUARO,16,MICHOACAN
86,TANHUATO,16,MICHOACAN
87,TARETAN,16,MICHOACAN
88,TARÍMBARO,16,MICHOACAN
89,TEPALCATEPEC,16,MICHOACAN
90,TINGAMBATO,16,MICHOACAN
91,TINGÜINDÍN,16,MICHOACAN
92,TIQUICHEO DE NICOLÁS ROMERO,16,MICHOACAN
93,TLALPUJAHUA,16,MICHOACAN
94,TLAZAZALCA,16,MICHOACAN
95,TOCUMBO,16,MICHOACAN
96,TUMBISCATÍO,16,MICHOACAN
97,TURICATO,16,MICHOACAN
98,TUXPAN,16,MICHOACAN
99,TUZANTLA,16,MICHOACAN
100,TZINTZUNTZAN,16,MICHOACAN
101,TZITZIO,16,MICHOACAN
102,URUAPAN,16,MICHOACAN
103,VENUSTIANO CARRANZA,16,MICHOACAN
104,VILLAMAR,16,MICHOACAN
105,VISTA HERMOSA,16,MICHOACAN
106,YURÉCUARO,16,MICHOACAN
107,ZACAPU,16,MICHOACAN
108,ZAMORA,16,MICHOACAN
109,ZINÁPARO,16,MICHOACAN
110,ZINAPÉCUARO,16,MICHOACAN
111,ZIRACUARETIRO,16,MICHOACAN
112,ZITÁCUARO,16,MICHOACAN
113,JOSÉ SIXTO VERDUZCO,16,MICHOACAN
999,NO ESPECIFICADO,16,MICHOACAN
1,AMACUZAC,17,MORELOS
2,ATLATLAHUCAN,17,MORELOS
3,AXOCHIAPAN,17,MORELOS
4,AYALA,17,MORELOS
5,COATLÁN DEL RÍO,17,MORELOS
6,CUAUTLA,17,MORELOS
7,CUERNAVACA,17,MORELOS
8,EMILIANO ZAPATA,17,MORELOS
9,HUITZILAC,17,MORELOS
10,JANTETELCO,17,MORELOS
11,JIUTEPEC,17,MORELOS
12,JOJUTLA,17,MORELOS
13,JONACATEPEC DE LEANDRO VALLE,17,MORELOS
14,MAZATEPEC,17,MORELOS
15,MIACATLÁN,17,MORELOS
16,OCUITUCO,17,MORELOS
17,PUENTE DE IXTLA,17,MORELOS
18,TEMIXCO,17,MORELOS
19,TEPALCINGO,17,MORELOS
20,TEPOZTLÁN,17,MORELOS
21,TETECALA,17,MORELOS
22,TETELA DEL VOLCÁN,17,MORELOS
23,TLALNEPANTLA,17,MORELOS
24,TLALTIZAPÁN DE ZAPATA,17,MORELOS
25,TLAQUILTENANGO,17,MORELOS
26,TLAYACAPAN,17,MORELOS
27,TOTOLAPAN,17,MORELOS
28,XOCHITEPEC,17,MORELOS
29,YAUTEPEC,17,MORELOS
30,YECAPIXTLA,17,MORELOS
31,ZACATEPEC,17,MORELOS
32,ZACUALPAN DE AMILPAS,17,MORELOS
33,TEMOAC,17,MORELOS
34,COATETELCO,17,MORELOS
35,XOXOCOTLA,17,MORELOS
999,NO ESPECIFICADO,17,MORELOS
1,ACAPONETA,18,NAYARIT
2,AHUACATLÁN,18,NAYARIT
3,AMATLÁN DE CAÑAS,18,NAYARIT
4,COMPOSTELA,18,NAYARIT
5,HUAJICORI,18,NAYARIT
6,IXTLÁN DEL RÍO,18,NAYARIT
7,JALA,18,NAYARIT
8,XALISCO,18,NAYARIT
9,DEL NAYAR,18,NAYARIT
10,ROSAMORADA,18,NAYARIT
11,RUÍZ,18,NAYARIT
12,SAN BLAS,18,NAYARIT
13,SAN PEDRO LAGUNILLAS,18,NAYARIT
14,SANTA MARÍA DEL ORO,18,NAYARIT
15,SANTIAGO IXCUINTLA,18,NAYARIT
16,TECUALA,18,NAYARIT
17,TEPIC,18,NAYARIT
18,TUXPAN,18,NAYARIT
19,LA YESCA,18,NAYARIT
20,BAHÍA DE BANDERAS,18,NAYARIT
999,NO ESPECIFICADO,18,NAYARIT
1,ABASOLO,19,NUEVO LEON
2,AGUALEGUAS,19,NUEVO LEON
3,LOS ALDAMAS,19,NUEVO LEON
4,ALLENDE,19,NUEVO LEON
5,ANÁHUAC,19,NUEVO LEON
6,APODACA,19,NUEVO LEON
7,ARAMBERRI,19,NUEVO LEON
8,BUSTAMANTE,19,NUEVO LEON
9,CADEREYTA JIMÉNEZ,19,NUEVO LEON
10,EL CARMEN,19,NUEVO LEON
11,CERRALVO,19,NUEVO LEON
12,CIÉNEGA DE FLORES,19,NUEVO LEON
13,CHINA,19,NUEVO LEON
14,DOCTOR ARROYO,19,NUEVO LEON
15,DOCTOR COSS,19,NUEVO LEON
16,DOCTOR GONZÁLEZ,19,NUEVO LEON
17,GALEANA,19,NUEVO LEON
18,GARCÍA,19,NUEVO LEON
19,SAN PEDRO GARZA GARCÍA,19,NUEVO LEON
20,GENERAL BRAVO,19,NUEVO LEON
21,GENERAL ESCOBEDO,19,NUEVO LEON
22,GENERAL TERÁN,19,NUEVO LEON
23,GENERAL TREVIÑO,19,NUEVO LEON
24,GENERAL ZARAGOZA,19,NUEVO LEON
25,GENERAL ZUAZUA,19,NUEVO LEON
26,GUADALUPE,19,NUEVO LEON
27,LOS HERRERAS,19,NUEVO LEON
28,HIGUERAS,19,NUEVO LEON
29,HUALAHUISES,19,NUEVO LEON
30,ITURBIDE,19,NUEVO LEON
31,JUÁREZ,19,NUEVO LEON
32,LAMPAZOS DE NARANJO,19,NUEVO LEON
33,LINARES,19,NUEVO LEON
34,MARÍN,19,NUEVO LEON
35,MELCHOR OCAMPO,19,NUEVO LEON
36,MIER Y NORIEGA,19,NUEVO LEON
37,MINA,19,NUEVO LEON
38,MONTEMORELOS,19,NUEVO LEON
39,MONTERREY,19,NUEVO LEON
40,PARÁS,19,NUEVO LEON
41,PESQUERÍA,19,NUEVO LEON
42,LOS RAMONES,19,NUEVO LEON
43,RAYONES,19,NUEVO LEON
44,SABINAS HIDALGO,19,NUEVO LEON
45,SALINAS VICTORIA,19,NUEVO LEON
46,SAN NICOLÁS DE LOS GARZA,19,NUEVO LEON
47,HIDALGO,19,NUEVO LEON
48,SANTA CATARINA,19,NUEVO LEON
49,SANTIAGO,19,NUEVO LEON
50,VALLECILLO,19,NUEVO LEON
51,VILLALDAMA,19,NUEVO LEON
999,NO ESPECIFICADO,19,NUEVO LEON
1,ABEJONES,20,OAXACA
2,ACATLÁN DE PÉREZ FIGUEROA,20,OAXACA
3,ASUNCIÓN CACALOTEPEC,20,OAXACA
4,ASUNCIÓN CUYOTEPEJI,20,OAXACA
5,ASUNCIÓN IXTALTEPEC,20,OAXACA
6,ASUNCIÓN NOCHIXTLÁN,20,OAXACA
7,ASUNCIÓN OCOTLÁN,20,OAXACA
8,ASUNCIÓN TLACOLULITA,20,OAXACA
9,AYOTZINTEPEC,20,OAXACA
10,EL BARRIO DE LA SOLEDAD,20,OAXACA
11,CALIHUALÁ,20,OAXACA
12,CANDELARIA LOXICHA,20,OAXACA
13,CIÉNEGA DE ZIMATLÁN,20,OAXACA
14,CIUDAD IXTEPEC,20,OAXACA
15,COATECAS ALTAS,20,OAXACA
16,COICOYÁN DE LAS FLORES,20,OAXACA
17,LA COMPAÑÍA,20,OAXACA
18,CONCEPCIÓN BUENAVISTA,20,OAXACA
19,CONCEPCIÓN PÁPALO,20,OAXACA
20,CONSTANCIA DEL ROSARIO,20,OAXACA
21,COSOLAPA,20,OAXACA
22,COSOLTEPEC,20,OAXACA
23,CUILÁPAM DE GUERRERO,20,OAXACA
24,CUYAMECALCO VILLA DE ZARAGOZA,20,OAXACA
25,CHAHUITES,20,OAXACA
26,CHALCATONGO DE HIDALGO,20,OAXACA
27,CHIQUIHUITLÁN DE BENITO JUÁREZ,20,OAXACA
28,HEROICA CIUDAD DE EJUTLA DE CRESPO,20,OAXACA
29,ELOXOCHITLÁN DE FLORES MAGÓN,20,OAXACA
30,EL ESPINAL,20,OAXACA
31,TAMAZULÁPAM DEL ESPÍRITU SANTO,20,OAXACA
32,FRESNILLO DE TRUJANO,20,OAXACA
33,GUADALUPE ETLA,20,OAXACA
34,GUADALUPE DE RAMÍREZ,20,OAXACA
35,GUELATAO DE JUÁREZ,20,OAXACA
36,GUEVEA DE HUMBOLDT,20,OAXACA
37,MESONES HIDALGO,20,OAXACA
38,VILLA HIDALGO,20,OAXACA
39,HEROICA CIUDAD DE HUAJUAPAN DE LEÓN,20,OAXACA
40,HUAUTEPEC,20,OAXACA
41,HUAUTLA DE JIMÉNEZ,20,OAXACA
42,IXTLÁN DE JUÁREZ,20,OAXACA
43,JUCHITÁN DE ZARAGOZA,20,OAXACA
44,LOMA BONITA,20,OAXACA
45,MAGDALENA APASCO,20,OAXACA
46,MAGDALENA JALTEPEC,20,OAXACA
47,SANTA MAGDALENA JICOTLÁN,20,OAXACA
48,MAGDALENA MIXTEPEC,20,OAXACA
49,MAGDALENA OCOTLÁN,20,OAXACA
50,MAGDALENA PEÑASCO,20,OAXACA
51,MAGDALENA TEITIPAC,20,OAXACA
52,MAGDALENA TEQUISISTLÁN,20,OAXACA
53,MAGDALENA TLACOTEPEC,20,OAXACA
54,MAGDALENA ZAHUATLÁN,20,OAXACA
55,MARISCALA DE JUÁREZ,20,OAXACA
56,MÁRTIRES DE TACUBAYA,20,OAXACA
57,MATÍAS ROMERO AVENDAÑO,20,OAXACA
58,MAZATLÁN VILLA DE FLORES,20,OAXACA
59,MIAHUATLÁN DE PORFIRIO DÍAZ,20,OAXACA
60,MIXISTLÁN DE LA REFORMA,20,OAXACA
61,MONJAS,20,OAXACA
62,NATIVIDAD,20,OAXACA
63,NAZARENO ETLA,20,OAXACA
64,NEJAPA DE MADERO,20,OAXACA
65,IXPANTEPEC NIEVES,20,OAXACA
66,SANTIAGO NILTEPEC,20,OAXACA
67,OAXACA DE JUÁREZ,20,OAXACA
68,OCOTLÁN DE MORELOS,20,OAXACA
69,LA PE,20,OAXACA
70,PINOTEPA DE DON LUIS,20,OAXACA
71,PLUMA HIDALGO,20,OAXACA
72,SAN JOSÉ DEL PROGRESO,20,OAXACA
73,PUTLA VILLA DE GUERRERO,20,OAXACA
74,SANTA CATARINA QUIOQUITANI,20,OAXACA
75,REFORMA DE PINEDA,20,OAXACA
76,LA REFORMA,20,OAXACA
77,REYES ETLA,20,OAXACA
78,ROJAS DE CUAUHTÉMOC,20,OAXACA
79,SALINA CRUZ,20,OAXACA
80,SAN AGUSTÍN AMATENGO,20,OAXACA
81,SAN AGUSTÍN ATENANGO,20,OAXACA
82,SAN AGUSTÍN CHAYUCO,20,OAXACA
83,SAN AGUSTÍN DE LAS JUNTAS,20,OAXACA
84,SAN AGUSTÍN ETLA,20,OAXACA
85,SAN AGUSTÍN LOXICHA,20,OAXACA
86,SAN AGUSTÍN TLACOTEPEC,20,OAXACA
87,SAN AGUSTÍN YATARENI,20,OAXACA
88,SAN ANDRÉS CABECERA NUEVA,20,OAXACA
89,SAN ANDRÉS DINICUITI,20,OAXACA
90,SAN ANDRÉS HUAXPALTEPEC,20,OAXACA
91,SAN ANDRÉS HUAYÁPAM,20,OAXACA
92,SAN ANDRÉS IXTLAHUACA,20,OAXACA
93,SAN ANDRÉS LAGUNAS,20,OAXACA
94,SAN ANDRÉS NUXIÑO,20,OAXACA
95,SAN ANDRÉS PAXTLÁN,20,OAXACA
96,SAN ANDRÉS SINAXTLA,20,OAXACA
97,SAN ANDRÉS SOLAGA,20,OAXACA
98,SAN ANDRÉS TEOTILÁLPAM,20,OAXACA
99,SAN ANDRÉS TEPETLAPA,20,OAXACA
100,SAN ANDRÉS YAÁ,20,OAXACA
101,SAN ANDRÉS ZABACHE,20,OAXACA
102,SAN ANDRÉS ZAUTLA,20,OAXACA
103,SAN ANTONINO CASTILLO VELASCO,20,OAXACA
104,SAN ANTONINO EL ALTO,20,OAXACA
105,SAN ANTONINO MONTE VERDE,20,OAXACA
106,SAN ANTONIO ACUTLA,20,OAXACA
107,SAN ANTONIO DE LA CAL,20,OAXACA
108,SAN ANTONIO HUITEPEC,20,OAXACA
109,SAN ANTONIO NANAHUATÍPAM,20,OAXACA
110,SAN ANTONIO SINICAHUA,20,OAXACA
111,SAN ANTONIO TEPETLAPA,20,OAXACA
112,SAN BALTAZAR CHICHICÁPAM,20,OAXACA
113,SAN BALTAZAR LOXICHA,20,OAXACA
114,SAN BALTAZAR YATZACHI EL BAJO,20,OAXACA
115,SAN BARTOLO COYOTEPEC,20,OAXACA
116,SAN BARTOLOMÉ AYAUTLA,20,OAXACA
117,SAN BARTOLOMÉ LOXICHA,20,OAXACA
118,SAN BARTOLOMÉ QUIALANA,20,OAXACA
119,SAN BARTOLOMÉ YUCUAÑE,20,OAXACA
120,SAN BARTOLOMÉ ZOOGOCHO,20,OAXACA
121,SAN BARTOLO SOYALTEPEC,20,OAXACA
122,SAN BARTOLO YAUTEPEC,20,OAXACA
123,SAN BERNARDO MIXTEPEC,20,OAXACA
124,SAN BLAS ATEMPA,20,OAXACA
125,SAN CARLOS YAUTEPEC,20,OAXACA
126,SAN CRISTÓBAL AMATLÁN,20,OAXACA
127,SAN CRISTÓBAL AMOLTEPEC,20,OAXACA
128,SAN CRISTÓBAL LACHIRIOAG,20,OAXACA
129,SAN CRISTÓBAL SUCHIXTLAHUACA,20,OAXACA
130,SAN DIONISIO DEL MAR,20,OAXACA
131,SAN DIONISIO OCOTEPEC,20,OAXACA
132,SAN DIONISIO OCOTLÁN,20,OAXACA
133,SAN ESTEBAN ATATLAHUCA,20,OAXACA
134,SAN FELIPE JALAPA DE DÍAZ,20,OAXACA
135,SAN FELIPE TEJALÁPAM,20,OAXACA
136,SAN FELIPE USILA,20,OAXACA
137,SAN FRANCISCO CAHUACUÁ,20,OAXACA
138,SAN FRANCISCO CAJONOS,20,OAXACA
139,SAN FRANCISCO CHAPULAPA,20,OAXACA
140,SAN FRANCISCO CHINDÚA,20,OAXACA
141,SAN FRANCISCO DEL MAR,20,OAXACA
142,SAN FRANCISCO HUEHUETLÁN,20,OAXACA
143,SAN FRANCISCO IXHUATÁN,20,OAXACA
144,SAN FRANCISCO JALTEPETONGO,20,OAXACA
145,SAN FRANCISCO LACHIGOLÓ,20,OAXACA
146,SAN FRANCISCO LOGUECHE,20,OAXACA
147,SAN FRANCISCO NUXAÑO,20,OAXACA
148,SAN FRANCISCO OZOLOTEPEC,20,OAXACA
149,SAN FRANCISCO SOLA,20,OAXACA
150,SAN FRANCISCO TELIXTLAHUACA,20,OAXACA
151,SAN FRANCISCO TEOPAN,20,OAXACA
152,SAN FRANCISCO TLAPANCINGO,20,OAXACA
153,SAN GABRIEL MIXTEPEC,20,OAXACA
154,SAN ILDEFONSO AMATLÁN,20,OAXACA
155,SAN ILDEFONSO SOLA,20,OAXACA
156,SAN ILDEFONSO VILLA ALTA,20,OAXACA
157,SAN JACINTO AMILPAS,20,OAXACA
158,SAN JACINTO TLACOTEPEC,20,OAXACA
159,SAN JERÓNIMO COATLÁN,20,OAXACA
160,SAN JERÓNIMO SILACAYOAPILLA,20,OAXACA
161,SAN JERÓNIMO SOSOLA,20,OAXACA
162,SAN JERÓNIMO TAVICHE,20,OAXACA
163,SAN JERÓNIMO TECÓATL,20,OAXACA
164,SAN JORGE NUCHITA,20,OAXACA
165,SAN JOSÉ AYUQUILA,20,OAXACA
166,SAN JOSÉ CHILTEPEC,20,OAXACA
167,SAN JOSÉ DEL PEÑASCO,20,OAXACA
168,SAN JOSÉ ESTANCIA GRANDE,20,OAXACA
169,SAN JOSÉ INDEPENDENCIA,20,OAXACA
170,SAN JOSÉ LACHIGUIRI,20,OAXACA
171,SAN JOSÉ TENANGO,20,OAXACA
172,SAN JUAN ACHIUTLA,20,OAXACA
173,SAN JUAN ATEPEC,20,OAXACA
174,ÁNIMAS TRUJANO,20,OAXACA
175,SAN JUAN BAUTISTA ATATLAHUCA,20,OAXACA
176,SAN JUAN BAUTISTA COIXTLAHUACA,20,OAXACA
177,SAN JUAN BAUTISTA CUICATLÁN,20,OAXACA
178,SAN JUAN BAUTISTA GUELACHE,20,OAXACA
179,SAN JUAN BAUTISTA JAYACATLÁN,20,OAXACA
180,SAN JUAN BAUTISTA LO DE SOTO,20,OAXACA
181,SAN JUAN BAUTISTA SUCHITEPEC,20,OAXACA
182,SAN JUAN BAUTISTA TLACOATZINTEPEC,20,OAXACA
183,SAN JUAN BAUTISTA TLACHICHILCO,20,OAXACA
184,SAN JUAN BAUTISTA TUXTEPEC,20,OAXACA
185,SAN JUAN CACAHUATEPEC,20,OAXACA
186,SAN JUAN CIENEGUILLA,20,OAXACA
187,SAN JUAN COATZÓSPAM,20,OAXACA
188,SAN JUAN COLORADO,20,OAXACA
189,SAN JUAN COMALTEPEC,20,OAXACA
190,SAN JUAN COTZOCÓN,20,OAXACA
191,SAN JUAN CHICOMEZÚCHIL,20,OAXACA
192,SAN JUAN CHILATECA,20,OAXACA
193,SAN JUAN DEL ESTADO,20,OAXACA
194,SAN JUAN DEL RÍO,20,OAXACA
195,SAN JUAN DIUXI,20,OAXACA
196,SAN JUAN EVANGELISTA ANALCO,20,OAXACA
197,SAN JUAN GUELAVÍA,20,OAXACA
198,SAN JUAN GUICHICOVI,20,OAXACA
199,SAN JUAN IHUALTEPEC,20,OAXACA
200,SAN JUAN JUQUILA MIXES,20,OAXACA
201,SAN JUAN JUQUILA VIJANOS,20,OAXACA
202,SAN JUAN LACHAO,20,OAXACA
203,SAN JUAN LACHIGALLA,20,OAXACA
204,SAN JUAN LAJARCIA,20,OAXACA
205,SAN JUAN LALANA,20,OAXACA
206,SAN JUAN DE LOS CUÉS,20,OAXACA
207,SAN JUAN MAZATLÁN,20,OAXACA
208,SAN JUAN MIXTEPEC,20,OAXACA
209,SAN JUAN MIXTEPEC,20,OAXACA
210,SAN JUAN ÑUMÍ,20,OAXACA
211,SAN JUAN OZOLOTEPEC,20,OAXACA
212,SAN JUAN PETLAPA,20,OAXACA
213,SAN JUAN QUIAHIJE,20,OAXACA
214,SAN JUAN QUIOTEPEC,20,OAXACA
215,SAN JUAN SAYULTEPEC,20,OAXACA
216,SAN JUAN TABAÁ,20,OAXACA
217,SAN JUAN TAMAZOLA,20,OAXACA
218,SAN JUAN TEITA,20,OAXACA
219,SAN JUAN TEITIPAC,20,OAXACA
220,SAN JUAN TEPEUXILA,20,OAXACA
221,SAN JUAN TEPOSCOLULA,20,OAXACA
222,SAN JUAN YAEÉ,20,OAXACA
223,SAN JUAN YATZONA,20,OAXACA
224,SAN JUAN YUCUITA,20,OAXACA
225,SAN LORENZO,20,OAXACA
226,SAN LORENZO ALBARRADAS,20,OAXACA
227,SAN LORENZO CACAOTEPEC,20,OAXACA
228,SAN LORENZO CUAUNECUILTITLA,20,OAXACA
229,SAN LORENZO TEXMELÚCAN,20,OAXACA
230,SAN LORENZO VICTORIA,20,OAXACA
231,SAN LUCAS CAMOTLÁN,20,OAXACA
232,SAN LUCAS OJITLÁN,20,OAXACA
233,SAN LUCAS QUIAVINÍ,20,OAXACA
234,SAN LUCAS ZOQUIÁPAM,20,OAXACA
235,SAN LUIS AMATLÁN,20,OAXACA
236,SAN MARCIAL OZOLOTEPEC,20,OAXACA
237,SAN MARCOS ARTEAGA,20,OAXACA
238,SAN MARTÍN DE LOS CANSECOS,20,OAXACA
239,SAN MARTÍN HUAMELÚLPAM,20,OAXACA
240,SAN MARTÍN ITUNYOSO,20,OAXACA
241,SAN MARTÍN LACHILÁ,20,OAXACA
242,SAN MARTÍN PERAS,20,OAXACA
243,SAN MARTÍN TILCAJETE,20,OAXACA
244,SAN MARTÍN TOXPALAN,20,OAXACA
245,SAN MARTÍN ZACATEPEC,20,OAXACA
246,SAN MATEO CAJONOS,20,OAXACA
247,CAPULÁLPAM DE MÉNDEZ,20,OAXACA
248,SAN MATEO DEL MAR,20,OAXACA
249,SAN MATEO YOLOXOCHITLÁN,20,OAXACA
250,SAN MATEO ETLATONGO,20,OAXACA
251,SAN MATEO NEJÁPAM,20,OAXACA
252,SAN MATEO PEÑASCO,20,OAXACA
253,SAN MATEO PIÑAS,20,OAXACA
254,SAN MATEO RÍO HONDO,20,OAXACA
255,SAN MATEO SINDIHUI,20,OAXACA
256,SAN MATEO TLAPILTEPEC,20,OAXACA
257,SAN MELCHOR BETAZA,20,OAXACA
258,SAN MIGUEL ACHIUTLA,20,OAXACA
259,SAN MIGUEL AHUEHUETITLÁN,20,OAXACA
260,SAN MIGUEL ALOÁPAM,20,OAXACA
261,SAN MIGUEL AMATITLÁN,20,OAXACA
262,SAN MIGUEL AMATLÁN,20,OAXACA
263,SAN MIGUEL COATLÁN,20,OAXACA
264,SAN MIGUEL CHICAHUA,20,OAXACA
265,SAN MIGUEL CHIMALAPA,20,OAXACA
266,SAN MIGUEL DEL PUERTO,20,OAXACA
267,SAN MIGUEL DEL RÍO,20,OAXACA
268,SAN MIGUEL EJUTLA,20,OAXACA
269,SAN MIGUEL EL GRANDE,20,OAXACA
270,SAN MIGUEL HUAUTLA,20,OAXACA
271,SAN MIGUEL MIXTEPEC,20,OAXACA
272,SAN MIGUEL PANIXTLAHUACA,20,OAXACA
273,SAN MIGUEL PERAS,20,OAXACA
274,SAN MIGUEL PIEDRAS,20,OAXACA
275,SAN MIGUEL QUETZALTEPEC,20,OAXACA
276,SAN MIGUEL SANTA FLOR,20,OAXACA
277,VILLA SOLA DE VEGA,20,OAXACA
278,SAN MIGUEL SOYALTEPEC,20,OAXACA
279,SAN MIGUEL SUCHIXTEPEC,20,OAXACA
280,VILLA TALEA DE CASTRO,20,OAXACA
281,SAN MIGUEL TECOMATLÁN,20,OAXACA
282,SAN MIGUEL TENANGO,20,OAXACA
283,SAN MIGUEL TEQUIXTEPEC,20,OAXACA
284,SAN MIGUEL TILQUIÁPAM,20,OAXACA
285,SAN MIGUEL TLACAMAMA,20,OAXACA
286,SAN MIGUEL TLACOTEPEC,20,OAXACA
287,SAN MIGUEL TULANCINGO,20,OAXACA
288,SAN MIGUEL YOTAO,20,OAXACA
289,SAN NICOLÁS,20,OAXACA
290,SAN NICOLÁS HIDALGO,20,OAXACA
291,SAN PABLO COATLÁN,20,OAXACA
292,SAN PABLO CUATRO VENADOS,20,OAXACA
293,SAN PABLO ETLA,20,OAXACA
294,SAN PABLO HUITZO,20,OAXACA
295,SAN PABLO HUIXTEPEC,20,OAXACA
296,SAN PABLO MACUILTIANGUIS,20,OAXACA
297,SAN PABLO TIJALTEPEC,20,OAXACA
298,SAN PABLO VILLA DE MITLA,20,OAXACA
299,SAN PABLO YAGANIZA,20,OAXACA
300,SAN PEDRO AMUZGOS,20,OAXACA
301,SAN PEDRO APÓSTOL,20,OAXACA
302,SAN PEDRO ATOYAC,20,OAXACA
303,SAN PEDRO CAJONOS,20,OAXACA
304,SAN PEDRO COXCALTEPEC CÁNTAROS,20,OAXACA
305,SAN PEDRO COMITANCILLO,20,OAXACA
306,SAN PEDRO EL ALTO,20,OAXACA
307,SAN PEDRO HUAMELULA,20,OAXACA
308,SAN PEDRO HUILOTEPEC,20,OAXACA
309,SAN PEDRO IXCATLÁN,20,OAXACA
310,SAN PEDRO IXTLAHUACA,20,OAXACA
311,SAN PEDRO JALTEPETONGO,20,OAXACA
312,SAN PEDRO JICAYÁN,20,OAXACA
313,SAN PEDRO JOCOTIPAC,20,OAXACA
314,SAN PEDRO JUCHATENGO,20,OAXACA
315,SAN PEDRO MÁRTIR,20,OAXACA
316,SAN PEDRO MÁRTIR QUIECHAPA,20,OAXACA
317,SAN PEDRO MÁRTIR YUCUXACO,20,OAXACA
318,SAN PEDRO MIXTEPEC,20,OAXACA
319,SAN PEDRO MIXTEPEC,20,OAXACA
320,SAN PEDRO MOLINOS,20,OAXACA
321,SAN PEDRO NOPALA,20,OAXACA
322,SAN PEDRO OCOPETATILLO,20,OAXACA
323,SAN PEDRO OCOTEPEC,20,OAXACA
324,SAN PEDRO POCHUTLA,20,OAXACA
325,SAN PEDRO QUIATONI,20,OAXACA
326,SAN PEDRO SOCHIÁPAM,20,OAXACA
327,SAN PEDRO TAPANATEPEC,20,OAXACA
328,SAN PEDRO TAVICHE,20,OAXACA
329,SAN PEDRO TEOZACOALCO,20,OAXACA
330,SAN PEDRO TEUTILA,20,OAXACA
331,SAN PEDRO TIDAÁ,20,OAXACA
332,SAN PEDRO TOPILTEPEC,20,OAXACA
333,SAN PEDRO TOTOLÁPAM,20,OAXACA
334,VILLA DE TUTUTEPEC,20,OAXACA
335,SAN PEDRO YANERI,20,OAXACA
336,SAN PEDRO YÓLOX,20,OAXACA
337,SAN PEDRO Y SAN PABLO AYUTLA,20,OAXACA
338,VILLA DE ETLA,20,OAXACA
339,SAN PEDRO Y SAN PABLO TEPOSCOLULA,20,OAXACA
340,SAN PEDRO Y SAN PABLO TEQUIXTEPEC,20,OAXACA
341,SAN PEDRO YUCUNAMA,20,OAXACA
342,SAN RAYMUNDO JALPAN,20,OAXACA
343,SAN SEBASTIÁN ABASOLO,20,OAXACA
344,SAN SEBASTIÁN COATLÁN,20,OAXACA
345,SAN SEBASTIÁN IXCAPA,20,OAXACA
346,SAN SEBASTIÁN NICANANDUTA,20,OAXACA
347,SAN SEBASTIÁN RÍO HONDO,20,OAXACA
348,SAN SEBASTIÁN TECOMAXTLAHUACA,20,OAXACA
349,SAN SEBASTIÁN TEITIPAC,20,OAXACA
350,SAN SEBASTIÁN TUTLA,20,OAXACA
351,SAN SIMÓN ALMOLONGAS,20,OAXACA
352,SAN SIMÓN ZAHUATLÁN,20,OAXACA
353,SANTA ANA,20,OAXACA
354,SANTA ANA ATEIXTLAHUACA,20,OAXACA
355,SANTA ANA CUAUHTÉMOC,20,OAXACA
356,SANTA ANA DEL VALLE,20,OAXACA
357,SANTA ANA TAVELA,20,OAXACA
358,SANTA ANA TLAPACOYAN,20,OAXACA
359,SANTA ANA YARENI,20,OAXACA
360,SANTA ANA ZEGACHE,20,OAXACA
361,SANTA CATALINA QUIERÍ,20,OAXACA
362,SANTA CATARINA CUIXTLA,20,OAXACA
363,SANTA CATARINA IXTEPEJI,20,OAXACA
364,SANTA CATARINA JUQUILA,20,OAXACA
365,SANTA CATARINA LACHATAO,20,OAXACA
366,SANTA CATARINA LOXICHA,20,OAXACA
367,SANTA CATARINA MECHOACÁN,20,OAXACA
368,SANTA CATARINA MINAS,20,OAXACA
369,SANTA CATARINA QUIANÉ,20,OAXACA
370,SANTA CATARINA TAYATA,20,OAXACA
371,SANTA CATARINA TICUÁ,20,OAXACA
372,SANTA CATARINA YOSONOTÚ,20,OAXACA
373,SANTA CATARINA ZAPOQUILA,20,OAXACA
374,SANTA CRUZ ACATEPEC,20,OAXACA
375,SANTA CRUZ AMILPAS,20,OAXACA
376,SANTA CRUZ DE BRAVO,20,OAXACA
377,SANTA CRUZ ITUNDUJIA,20,OAXACA
378,SANTA CRUZ MIXTEPEC,20,OAXACA
379,SANTA CRUZ NUNDACO,20,OAXACA
380,SANTA CRUZ PAPALUTLA,20,OAXACA
381,SANTA CRUZ TACACHE DE MINA,20,OAXACA
382,SANTA CRUZ TACAHUA,20,OAXACA
383,SANTA CRUZ TAYATA,20,OAXACA
384,SANTA CRUZ XITLA,20,OAXACA
385,SANTA CRUZ XOXOCOTLÁN,20,OAXACA
386,SANTA CRUZ ZENZONTEPEC,20,OAXACA
387,SANTA GERTRUDIS,20,OAXACA
388,SANTA INÉS DEL MONTE,20,OAXACA
389,SANTA INÉS YATZECHE,20,OAXACA
390,SANTA LUCÍA DEL CAMINO,20,OAXACA
391,SANTA LUCÍA MIAHUATLÁN,20,OAXACA
392,SANTA LUCÍA MONTEVERDE,20,OAXACA
393,SANTA LUCÍA OCOTLÁN,20,OAXACA
394,SANTA MARÍA ALOTEPEC,20,OAXACA
395,SANTA MARÍA APAZCO,20,OAXACA
396,SANTA MARÍA LA ASUNCIÓN,20,OAXACA
397,HEROICA CIUDAD DE TLAXIACO,20,OAXACA
398,AYOQUEZCO DE ALDAMA,20,OAXACA
399,SANTA MARÍA ATZOMPA,20,OAXACA
400,SANTA MARÍA CAMOTLÁN,20,OAXACA
401,SANTA MARÍA COLOTEPEC,20,OAXACA
402,SANTA MARÍA CORTIJO,20,OAXACA
403,SANTA MARÍA COYOTEPEC,20,OAXACA
404,SANTA MARÍA CHACHOÁPAM,20,OAXACA
405,VILLA DE CHILAPA DE DÍAZ,20,OAXACA
406,SANTA MARÍA CHILCHOTLA,20,OAXACA
407,SANTA MARÍA CHIMALAPA,20,OAXACA
408,SANTA MARÍA DEL ROSARIO,20,OAXACA
409,SANTA MARÍA DEL TULE,20,OAXACA
410,SANTA MARÍA ECATEPEC,20,OAXACA
411,SANTA MARÍA GUELACÉ,20,OAXACA
412,SANTA MARÍA GUIENAGATI,20,OAXACA
413,SANTA MARÍA HUATULCO,20,OAXACA
414,SANTA MARÍA HUAZOLOTITLÁN,20,OAXACA
415,SANTA MARÍA IPALAPA,20,OAXACA
416,SANTA MARÍA IXCATLÁN,20,OAXACA
417,SANTA MARÍA JACATEPEC,20,OAXACA
418,SANTA MARÍA JALAPA DEL MARQUÉS,20,OAXACA
419,SANTA MARÍA JALTIANGUIS,20,OAXACA
420,SANTA MARÍA LACHIXÍO,20,OAXACA
421,SANTA MARÍA MIXTEQUILLA,20,OAXACA
422,SANTA MARÍA NATIVITAS,20,OAXACA
423,SANTA MARÍA NDUAYACO,20,OAXACA
424,SANTA MARÍA OZOLOTEPEC,20,OAXACA
425,SANTA MARÍA PÁPALO,20,OAXACA
426,SANTA MARÍA PEÑOLES,20,OAXACA
427,SANTA MARÍA PETAPA,20,OAXACA
428,SANTA MARÍA QUIEGOLANI,20,OAXACA
429,SANTA MARÍA SOLA,20,OAXACA
430,SANTA MARÍA TATALTEPEC,20,OAXACA
431,SANTA MARÍA TECOMAVACA,20,OAXACA
432,SANTA MARÍA TEMAXCALAPA,20,OAXACA
433,SANTA MARÍA TEMAXCALTEPEC,20,OAXACA
434,SANTA MARÍA TEOPOXCO,20,OAXACA
435,SANTA MARÍA TEPANTLALI,20,OAXACA
436,SANTA MARÍA TEXCATITLÁN,20,OAXACA
437,SANTA MARÍA TLAHUITOLTEPEC,20,OAXACA
438,SANTA MARÍA TLALIXTAC,20,OAXACA
439,SANTA MARÍA TONAMECA,20,OAXACA
440,SANTA MARÍA TOTOLAPILLA,20,OAXACA
441,SANTA MARÍA XADANI,20,OAXACA
442,SANTA MARÍA YALINA,20,OAXACA
443,SANTA MARÍA YAVESÍA,20,OAXACA
444,SANTA MARÍA YOLOTEPEC,20,OAXACA
445,SANTA MARÍA YOSOYÚA,20,OAXACA
446,SANTA MARÍA YUCUHITI,20,OAXACA
447,SANTA MARÍA ZACATEPEC,20,OAXACA
448,SANTA MARÍA ZANIZA,20,OAXACA
449,SANTA MARÍA ZOQUITLÁN,20,OAXACA
450,SANTIAGO AMOLTEPEC,20,OAXACA
451,SANTIAGO APOALA,20,OAXACA
452,SANTIAGO APÓSTOL,20,OAXACA
453,SANTIAGO ASTATA,20,OAXACA
454,SANTIAGO ATITLÁN,20,OAXACA
455,SANTIAGO AYUQUILILLA,20,OAXACA
456,SANTIAGO CACALOXTEPEC,20,OAXACA
457,SANTIAGO CAMOTLÁN,20,OAXACA
458,SANTIAGO COMALTEPEC,20,OAXACA
459,VILLA DE SANTIAGO CHAZUMBA,20,OAXACA
460,SANTIAGO CHOÁPAM,20,OAXACA
461,SANTIAGO DEL RÍO,20,OAXACA
462,SANTIAGO HUAJOLOTITLÁN,20,OAXACA
463,SANTIAGO HUAUCLILLA,20,OAXACA
464,SANTIAGO IHUITLÁN PLUMAS,20,OAXACA
465,SANTIAGO IXCUINTEPEC,20,OAXACA
466,SANTIAGO IXTAYUTLA,20,OAXACA
467,SANTIAGO JAMILTEPEC,20,OAXACA
468,SANTIAGO JOCOTEPEC,20,OAXACA
469,SANTIAGO JUXTLAHUACA,20,OAXACA
470,SANTIAGO LACHIGUIRI,20,OAXACA
471,SANTIAGO LALOPA,20,OAXACA
472,SANTIAGO LAOLLAGA,20,OAXACA
473,SANTIAGO LAXOPA,20,OAXACA
474,SANTIAGO LLANO GRANDE,20,OAXACA
475,SANTIAGO MATATLÁN,20,OAXACA
476,SANTIAGO MILTEPEC,20,OAXACA
477,SANTIAGO MINAS,20,OAXACA
478,SANTIAGO NACALTEPEC,20,OAXACA
479,SANTIAGO NEJAPILLA,20,OAXACA
480,SANTIAGO NUNDICHE,20,OAXACA
481,SANTIAGO NUYOÓ,20,OAXACA
482,SANTIAGO PINOTEPA NACIONAL,20,OAXACA
483,SANTIAGO SUCHILQUITONGO,20,OAXACA
484,SANTIAGO TAMAZOLA,20,OAXACA
485,SANTIAGO TAPEXTLA,20,OAXACA
486,VILLA TEJÚPAM DE LA UNIÓN,20,OAXACA
487,SANTIAGO TENANGO,20,OAXACA
488,SANTIAGO TEPETLAPA,20,OAXACA
489,SANTIAGO TETEPEC,20,OAXACA
490,SANTIAGO TEXCALCINGO,20,OAXACA
491,SANTIAGO TEXTITLÁN,20,OAXACA
492,SANTIAGO TILANTONGO,20,OAXACA
493,SANTIAGO TILLO,20,OAXACA
494,SANTIAGO TLAZOYALTEPEC,20,OAXACA
495,SANTIAGO XANICA,20,OAXACA
496,SANTIAGO XIACUÍ,20,OAXACA
497,SANTIAGO YAITEPEC,20,OAXACA
498,SANTIAGO YAVEO,20,OAXACA
499,SANTIAGO YOLOMÉCATL,20,OAXACA
500,SANTIAGO YOSONDÚA,20,OAXACA
501,SANTIAGO YUCUYACHI,20,OAXACA
502,SANTIAGO ZACATEPEC,20,OAXACA
503,SANTIAGO ZOOCHILA,20,OAXACA
504,NUEVO ZOQUIÁPAM,20,OAXACA
505,SANTO DOMINGO INGENIO,20,OAXACA
506,SANTO DOMINGO ALBARRADAS,20,OAXACA
507,SANTO DOMINGO ARMENTA,20,OAXACA
508,SANTO DOMINGO CHIHUITÁN,20,OAXACA
509,SANTO DOMINGO DE MORELOS,20,OAXACA
510,SANTO DOMINGO IXCATLÁN,20,OAXACA
511,SANTO DOMINGO NUXAÁ,20,OAXACA
512,SANTO DOMINGO OZOLOTEPEC,20,OAXACA
513,SANTO DOMINGO PETAPA,20,OAXACA
514,SANTO DOMINGO ROAYAGA,20,OAXACA
515,SANTO DOMINGO TEHUANTEPEC,20,OAXACA
516,SANTO DOMINGO TEOJOMULCO,20,OAXACA
517,SANTO DOMINGO TEPUXTEPEC,20,OAXACA
518,SANTO DOMINGO TLATAYÁPAM,20,OAXACA
519,SANTO DOMINGO TOMALTEPEC,20,OAXACA
520,SANTO DOMINGO TONALÁ,20,OAXACA
521,SANTO DOMINGO TONALTEPEC,20,OAXACA
522,SANTO DOMINGO XAGACÍA,20,OAXACA
523,SANTO DOMINGO YANHUITLÁN,20,OAXACA
524,SANTO DOMINGO YODOHINO,20,OAXACA
525,SANTO DOMINGO ZANATEPEC,20,OAXACA
526,SANTOS REYES NOPALA,20,OAXACA
527,SANTOS REYES PÁPALO,20,OAXACA
528,SANTOS REYES TEPEJILLO,20,OAXACA
529,SANTOS REYES YUCUNÁ,20,OAXACA
530,SANTO TOMÁS JALIEZA,20,OAXACA
531,SANTO TOMÁS MAZALTEPEC,20,OAXACA
532,SANTO TOMÁS OCOTEPEC,20,OAXACA
533,SANTO TOMÁS TAMAZULAPAN,20,OAXACA
534,SAN VICENTE COATLÁN,20,OAXACA
535,SAN VICENTE LACHIXÍO,20,OAXACA
536,SAN VICENTE NUÑÚ,20,OAXACA
537,SILACAYOÁPAM,20,OAXACA
538,SITIO DE XITLAPEHUA,20,OAXACA
539,SOLEDAD ETLA,20,OAXACA
540,VILLA DE TAMAZULÁPAM DEL PROGRESO,20,OAXACA
541,TANETZE DE ZARAGOZA,20,OAXACA
542,TANICHE,20,OAXACA
543,TATALTEPEC DE VALDÉS,20,OAXACA
544,TEOCOCUILCO DE MARCOS PÉREZ,20,OAXACA
545,TEOTITLÁN DE FLORES MAGÓN,20,OAXACA
546,TEOTITLÁN DEL VALLE,20,OAXACA
547,TEOTONGO,20,OAXACA
548,TEPELMEME VILLA DE MORELOS,20,OAXACA
549,"HEROICA VILLA TEZOATLÁN DE SEGURA Y LUNA, CUNA DE LA INDEPENDENCIA DE OAXACA",20,OAXACA
550,SAN JERÓNIMO TLACOCHAHUAYA,20,OAXACA
551,TLACOLULA DE MATAMOROS,20,OAXACA
552,TLACOTEPEC PLUMAS,20,OAXACA
553,TLALIXTAC DE CABRERA,20,OAXACA
554,TOTONTEPEC VILLA DE MORELOS,20,OAXACA
555,TRINIDAD ZAACHILA,20,OAXACA
556,LA TRINIDAD VISTA HERMOSA,20,OAXACA
557,UNIÓN HIDALGO,20,OAXACA
558,VALERIO TRUJANO,20,OAXACA
559,SAN JUAN BAUTISTA VALLE NACIONAL,20,OAXACA
560,VILLA DÍAZ ORDAZ,20,OAXACA
561,YAXE,20,OAXACA
562,MAGDALENA YODOCONO DE PORFIRIO DÍAZ,20,OAXACA
563,YOGANA,20,OAXACA
564,YUTANDUCHI DE GUERRERO,20,OAXACA
565,VILLA DE ZAACHILA,20,OAXACA
566,SAN MATEO YUCUTINDOO,20,OAXACA
567,ZAPOTITLÁN LAGUNAS,20,OAXACA
568,ZAPOTITLÁN PALMAS,20,OAXACA
569,SANTA INÉS DE ZARAGOZA,20,OAXACA
570,ZIMATLÁN DE ÁLVAREZ,20,OAXACA
999,NO ESPECIFICADO,20,OAXACA
1,ACAJETE,21,PUEBLA
2,ACATENO,21,PUEBLA
3,ACATLÁN,21,PUEBLA
4,ACATZINGO,21,PUEBLA
5,ACTEOPAN,21,PUEBLA
6,AHUACATLÁN,21,PUEBLA
7,AHUATLÁN,21,PUEBLA
8,AHUAZOTEPEC,21,PUEBLA
9,AHUEHUETITLA,21,PUEBLA
10,AJALPAN,21,PUEBLA
11,ALBINO ZERTUCHE,21,PUEBLA
12,ALJOJUCA,21,PUEBLA
13,ALTEPEXI,21,PUEBLA
14,AMIXTLÁN,21,PUEBLA
15,AMOZOC,21,PUEBLA
16,AQUIXTLA,21,PUEBLA
17,ATEMPAN,21,PUEBLA
18,ATEXCAL,21,PUEBLA
19,ATLIXCO,21,PUEBLA
20,ATOYATEMPAN,21,PUEBLA
21,ATZALA,21,PUEBLA
22,ATZITZIHUACÁN,21,PUEBLA
23,ATZITZINTLA,21,PUEBLA
24,AXUTLA,21,PUEBLA
25,AYOTOXCO DE GUERRERO,21,PUEBLA
26,CALPAN,21,PUEBLA
27,CALTEPEC,21,PUEBLA
28,CAMOCUAUTLA,21,PUEBLA
29,CAXHUACAN,21,PUEBLA
30,COATEPEC,21,PUEBLA
31,COATZINGO,21,PUEBLA
32,COHETZALA,21,PUEBLA
33,COHUECAN,21,PUEBLA
34,CORONANGO,21,PUEBLA
35,COXCATLÁN,21,PUEBLA
36,COYOMEAPAN,21,PUEBLA
37,COYOTEPEC,21,PUEBLA
38,CUAPIAXTLA DE MADERO,21,PUEBLA
39,CUAUTEMPAN,21,PUEBLA
40,CUAUTINCHÁN,21,PUEBLA
41,CUAUTLANCINGO,21,PUEBLA
42,CUAYUCA DE ANDRADE,21,PUEBLA
43,CUETZALAN DEL PROGRESO,21,PUEBLA
44,CUYOACO,21,PUEBLA
45,CHALCHICOMULA DE SESMA,21,PUEBLA
46,CHAPULCO,21,PUEBLA
47,CHIAUTLA,21,PUEBLA
48,CHIAUTZINGO,21,PUEBLA
49,CHICONCUAUTLA,21,PUEBLA
50,CHICHIQUILA,21,PUEBLA
51,CHIETLA,21,PUEBLA
52,CHIGMECATITLÁN,21,PUEBLA
53,CHIGNAHUAPAN,21,PUEBLA
54,CHIGNAUTLA,21,PUEBLA
55,CHILA,21,PUEBLA
56,CHILA DE LA SAL,21,PUEBLA
57,HONEY,21,PUEBLA
58,CHILCHOTLA,21,PUEBLA
59,CHINANTLA,21,PUEBLA
60,DOMINGO ARENAS,21,PUEBLA
61,ELOXOCHITLÁN,21,PUEBLA
62,EPATLÁN,21,PUEBLA
63,ESPERANZA,21,PUEBLA
64,FRANCISCO Z. MENA,21,PUEBLA
65,GENERAL FELIPE ÁNGELES,21,PUEBLA
66,GUADALUPE,21,PUEBLA
67,GUADALUPE VICTORIA,21,PUEBLA
68,HERMENEGILDO GALEANA,21,PUEBLA
69,HUAQUECHULA,21,PUEBLA
70,HUATLATLAUCA,21,PUEBLA
71,HUAUCHINANGO,21,PUEBLA
72,HUEHUETLA,21,PUEBLA
73,HUEHUETLÁN EL CHICO,21,PUEBLA
74,HUEJOTZINGO,21,PUEBLA
75,HUEYAPAN,21,PUEBLA
76,HUEYTAMALCO,21,PUEBLA
77,HUEYTLALPAN,21,PUEBLA
78,HUITZILAN DE SERDÁN,21,PUEBLA
79,HUITZILTEPEC,21,PUEBLA
80,ATLEQUIZAYAN,21,PUEBLA
81,IXCAMILPA DE GUERRERO,21,PUEBLA
82,IXCAQUIXTLA,21,PUEBLA
83,IXTACAMAXTITLÁN,21,PUEBLA
84,IXTEPEC,21,PUEBLA
85,IZÚCAR DE MATAMOROS,21,PUEBLA
86,JALPAN,21,PUEBLA
87,JOLALPAN,21,PUEBLA
88,JONOTLA,21,PUEBLA
89,JOPALA,21,PUEBLA
90,JUAN C. BONILLA,21,PUEBLA
91,JUAN GALINDO,21,PUEBLA
92,JUAN N. MÉNDEZ,21,PUEBLA
93,LAFRAGUA,21,PUEBLA
94,LIBRES,21,PUEBLA
95,LA MAGDALENA TLATLAUQUITEPEC,21,PUEBLA
96,MAZAPILTEPEC DE JUÁREZ,21,PUEBLA
97,MIXTLA,21,PUEBLA
98,MOLCAXAC,21,PUEBLA
99,CAÑADA MORELOS,21,PUEBLA
100,NAUPAN,21,PUEBLA
101,NAUZONTLA,21,PUEBLA
102,NEALTICAN,21,PUEBLA
103,NICOLÁS BRAVO,21,PUEBLA
104,NOPALUCAN,21,PUEBLA
105,OCOTEPEC,21,PUEBLA
106,OCOYUCAN,21,PUEBLA
107,OLINTLA,21,PUEBLA
108,ORIENTAL,21,PUEBLA
109,PAHUATLÁN,21,PUEBLA
110,PALMAR DE BRAVO,21,PUEBLA
111,PANTEPEC,21,PUEBLA
112,PETLALCINGO,21,PUEBLA
113,PIAXTLA,21,PUEBLA
114,PUEBLA,21,PUEBLA
115,QUECHOLAC,21,PUEBLA
116,QUIMIXTLÁN,21,PUEBLA
117,RAFAEL LARA GRAJALES,21,PUEBLA
118,LOS REYES DE JUÁREZ,21,PUEBLA
119,SAN ANDRÉS CHOLULA,21,PUEBLA
120,SAN ANTONIO CAÑADA,21,PUEBLA
121,SAN DIEGO LA MESA TOCHIMILTZINGO,21,PUEBLA
122,SAN FELIPE TEOTLALCINGO,21,PUEBLA
123,SAN FELIPE TEPATLÁN,21,PUEBLA
124,SAN GABRIEL CHILAC,21,PUEBLA
125,SAN GREGORIO ATZOMPA,21,PUEBLA
126,SAN JERÓNIMO TECUANIPAN,21,PUEBLA
127,SAN JERÓNIMO XAYACATLÁN,21,PUEBLA
128,SAN JOSÉ CHIAPA,21,PUEBLA
129,SAN JOSÉ MIAHUATLÁN,21,PUEBLA
130,SAN JUAN ATENCO,21,PUEBLA
131,SAN JUAN ATZOMPA,21,PUEBLA
132,SAN MARTÍN TEXMELUCAN,21,PUEBLA
133,SAN MARTÍN TOTOLTEPEC,21,PUEBLA
134,SAN MATÍAS TLALANCALECA,21,PUEBLA
135,SAN MIGUEL IXITLÁN,21,PUEBLA
136,SAN MIGUEL XOXTLA,21,PUEBLA
137,SAN NICOLÁS BUENOS AIRES,21,PUEBLA
138,SAN NICOLÁS DE LOS RANCHOS,21,PUEBLA
139,SAN PABLO ANICANO,21,PUEBLA
140,SAN PEDRO CHOLULA,21,PUEBLA
141,SAN PEDRO YELOIXTLAHUACA,21,PUEBLA
142,SAN SALVADOR EL SECO,21,PUEBLA
143,SAN SALVADOR EL VERDE,21,PUEBLA
144,SAN SALVADOR HUIXCOLOTLA,21,PUEBLA
145,SAN SEBASTIÁN TLACOTEPEC,21,PUEBLA
146,SANTA CATARINA TLALTEMPAN,21,PUEBLA
147,SANTA INÉS AHUATEMPAN,21,PUEBLA
148,SANTA ISABEL CHOLULA,21,PUEBLA
149,SANTIAGO MIAHUATLÁN,21,PUEBLA
150,HUEHUETLÁN EL GRANDE,21,PUEBLA
151,SANTO TOMÁS HUEYOTLIPAN,21,PUEBLA
152,SOLTEPEC,21,PUEBLA
153,TECALI DE HERRERA,21,PUEBLA
154,TECAMACHALCO,21,PUEBLA
155,TECOMATLÁN,21,PUEBLA
156,TEHUACÁN,21,PUEBLA
157,TEHUITZINGO,21,PUEBLA
158,TENAMPULCO,21,PUEBLA
159,TEOPANTLÁN,21,PUEBLA
160,TEOTLALCO,21,PUEBLA
161,TEPANCO DE LÓPEZ,21,PUEBLA
162,TEPANGO DE RODRÍGUEZ,21,PUEBLA
163,TEPATLAXCO DE HIDALGO,21,PUEBLA
164,TEPEACA,21,PUEBLA
165,TEPEMAXALCO,21,PUEBLA
166,TEPEOJUMA,21,PUEBLA
167,TEPETZINTLA,21,PUEBLA
168,TEPEXCO,21,PUEBLA
169,TEPEXI DE RODRÍGUEZ,21,PUEBLA
170,TEPEYAHUALCO,21,PUEBLA
171,TEPEYAHUALCO DE CUAUHTÉMOC,21,PUEBLA
172,TETELA DE OCAMPO,21,PUEBLA
173,TETELES DE AVILA CASTILLO,21,PUEBLA
174,TEZIUTLÁN,21,PUEBLA
175,TIANGUISMANALCO,21,PUEBLA
176,TILAPA,21,PUEBLA
177,TLACOTEPEC DE BENITO JUÁREZ,21,PUEBLA
178,TLACUILOTEPEC,21,PUEBLA
179,TLACHICHUCA,21,PUEBLA
180,TLAHUAPAN,21,PUEBLA
181,TLALTENANGO,21,PUEBLA
182,TLANEPANTLA,21,PUEBLA
183,TLAOLA,21,PUEBLA
184,TLAPACOYA,21,PUEBLA
185,TLAPANALÁ,21,PUEBLA
186,TLATLAUQUITEPEC,21,PUEBLA
187,TLAXCO,21,PUEBLA
188,TOCHIMILCO,21,PUEBLA
189,TOCHTEPEC,21,PUEBLA
190,TOTOLTEPEC DE GUERRERO,21,PUEBLA
191,TULCINGO,21,PUEBLA
192,TUZAMAPAN DE GALEANA,21,PUEBLA
193,TZICATLACOYAN,21,PUEBLA
194,VENUSTIANO CARRANZA,21,PUEBLA
195,VICENTE GUERRERO,21,PUEBLA
196,XAYACATLÁN DE BRAVO,21,PUEBLA
197,XICOTEPEC,21,PUEBLA
198,XICOTLÁN,21,PUEBLA
199,XIUTETELCO,21,PUEBLA
200,XOCHIAPULCO,21,PUEBLA
201,XOCHILTEPEC,21,PUEBLA
202,XOCHITLÁN DE VICENTE SUÁREZ,21,PUEBLA
203,XOCHITLÁN TODOS SANTOS,21,PUEBLA
204,YAONÁHUAC,21,PUEBLA
205,YEHUALTEPEC,21,PUEBLA
206,ZACAPALA,21,PUEBLA
207,ZACAPOAXTLA,21,PUEBLA
208,ZACATLÁN,21,PUEBLA
209,ZAPOTITLÁN,21,PUEBLA
210,ZAPOTITLÁN DE MÉNDEZ,21,PUEBLA
211,ZARAGOZA,21,PUEBLA
212,ZAUTLA,21,PUEBLA
213,ZIHUATEUTLA,21,PUEBLA
214,ZINACATEPEC,21,PUEBLA
215,ZONGOZOTLA,21,PUEBLA
216,ZOQUIAPAN,21,PUEBLA
217,ZOQUITLÁN,21,PUEBLA
999,NO ESPECIFICADO,21,PUEBLA
1,AMEALCO DE BONFIL,22,QUERETARO
2,PINAL DE AMOLES,22,QUERETARO
3,ARROYO SECO,22,QUERETARO
4,CADEREYTA DE MONTES,22,QUERETARO
5,COLÓN,22,QUERETARO
6,CORREGIDORA,22,QUERETARO
7,EZEQUIEL MONTES,22,QUERETARO
8,HUIMILPAN,22,QUERETARO
9,JALPAN DE SERRA,22,QUERETARO
10,LANDA DE MATAMOROS,22,QUERETARO
11,EL MARQUÉS,22,QUERETARO
12,PEDRO ESCOBEDO,22,QUERETARO
13,PEÑAMILLER,22,QUERETARO
14,QUERÉTARO,22,QUERETARO
15,SAN JOAQUÍN,22,QUERETARO
16,SAN JUAN DEL RÍO,22,QUERETARO
17,TEQUISQUIAPAN,22,QUERETARO
18,TOLIMÁN,22,QUERETARO
999,NO ESPECIFICADO,22,QUERETARO
1,COZUMEL,23,QUINTANA ROO
2,FELIPE CARRILLO PUERTO,23,QUINTANA ROO
3,ISLA MUJERES,23,QUINTANA ROO
4,OTHÓN P. BLANCO,23,QUINTANA ROO
5,BENITO JUÁREZ,23,QUINTANA ROO
6,JOSÉ MARÍA MORELOS,23,QUINTANA ROO
7,LÁZARO CÁRDENAS,23,QUINTANA ROO
8,SOLIDARIDAD,23,QUINTANA ROO
9,TULUM,23,QUINTANA ROO
10,BACALAR,23,QUINTANA ROO
11,PUERTO MORELOS,23,QUINTANA ROO
999,NO ESPECIFICADO,23,QUINTANA ROO
1,AHUALULCO,24,SAN LUIS POTOSI
2,ALAQUINES,24,SAN LUIS POTOSI
3,AQUISMÓN,24,SAN LUIS POTOSI
4,ARMADILLO DE LOS INFANTE,24,SAN LUIS POTOSI
5,CÁRDENAS,24,SAN LUIS POTOSI
6,CATORCE,24,SAN LUIS POTOSI
7,CEDRAL,24,SAN LUIS POTOSI
8,CERRITOS,24,SAN LUIS POTOSI
9,CERRO DE SAN PEDRO,24,SAN LUIS POTOSI
10,CIUDAD DEL MAÍZ,24,SAN LUIS POTOSI
11,CIUDAD FERNÁNDEZ,24,SAN LUIS POTOSI
12,TANCANHUITZ,24,SAN LUIS POTOSI
13,CIUDAD VALLES,24,SAN LUIS POTOSI
14,COXCATLÁN,24,SAN LUIS POTOSI
15,CHARCAS,24,SAN LUIS POTOSI
16,EBANO,24,SAN LUIS POTOSI
17,GUADALCÁZAR,24,SAN LUIS POTOSI
18,HUEHUETLÁN,24,SAN LUIS POTOSI
19,LAGUNILLAS,24,SAN LUIS POTOSI
20,MATEHUALA,24,SAN LUIS POTOSI
21,MEXQUITIC DE CARMONA,24,SAN LUIS POTOSI
22,MOCTEZUMA,24,SAN LUIS POTOSI
23,RAYÓN,24,SAN LUIS POTOSI
24,RIOVERDE,24,SAN LUIS POTOSI
25,SALINAS,24,SAN LUIS POTOSI
26,SAN ANTONIO,24,SAN LUIS POTOSI
27,SAN CIRO DE ACOSTA,24,SAN LUIS POTOSI
28,SAN LUIS POTOSÍ,24,SAN LUIS POTOSI
29,SAN MARTÍN CHALCHICUAUTLA,24,SAN LUIS POTOSI
30,SAN NICOLÁS TOLENTINO,24,SAN LUIS POTOSI
31,SANTA CATARINA,24,SAN LUIS POTOSI
32,SANTA MARÍA DEL RÍO,24,SAN LUIS POTOSI
33,SANTO DOMINGO,24,SAN LUIS POTOSI
34,SAN VICENTE TANCUAYALAB,24,SAN LUIS POTOSI
35,SOLEDAD DE GRACIANO SÁNCHEZ,24,SAN LUIS POTOSI
36,TAMASOPO,24,SAN LUIS POTOSI
37,TAMAZUNCHALE,24,SAN LUIS POTOSI
38,TAMPACÁN,24,SAN LUIS POTOSI
39,TAMPAMOLÓN CORONA,24,SAN LUIS POTOSI
40,TAMUÍN,24,SAN LUIS POTOSI
41,TANLAJÁS,24,SAN LUIS POTOSI
42,TANQUIÁN DE ESCOBEDO,24,SAN LUIS POTOSI
43,TIERRA NUEVA,24,SAN LUIS POTOSI
44,VANEGAS,24,SAN LUIS POTOSI
45,VENADO,24,SAN LUIS POTOSI
46,VILLA DE ARRIAGA,24,SAN LUIS POTOSI
47,VILLA DE GUADALUPE,24,SAN LUIS POTOSI
48,VILLA DE LA PAZ,24,SAN LUIS POTOSI
49,VILLA DE RAMOS,24,SAN LUIS POTOSI
50,VILLA DE REYES,24,SAN LUIS POTOSI
51,VILLA HIDALGO,24,SAN LUIS POTOSI
52,VILLA JUÁREZ,24,SAN LUIS POTOSI
53,AXTLA DE TERRAZAS,24,SAN LUIS POTOSI
54,XILITLA,24,SAN LUIS POTOSI
55,ZARAGOZA,24,SAN LUIS POTOSI
56,VILLA DE ARISTA,24,SAN LUIS POTOSI
57,MATLAPA,24,SAN LUIS POTOSI
58,EL NARANJO,24,SAN LUIS POTOSI
999,NO ESPECIFICADO,24,SAN LUIS POTOSI
1,AHOME,25,SINALOA
2,ANGOSTURA,25,SINALOA
3,BADIRAGUATO,25,SINALOA
4,CONCORDIA,25,SINALOA
5,COSALÁ,25,SINALOA
6,CULIACÁN,25,SINALOA
7,CHOIX,25,SINALOA
8,ELOTA,25,SINALOA
9,ESCUINAPA,25,SINALOA
10,EL FUERTE,25,SINALOA
11,GUASAVE,25,SINALOA
12,MAZATLÁN,25,SINALOA
13,MOCORITO,25,SINALOA
14,ROSARIO,25,SINALOA
15,SALVADOR ALVARADO,25,SINALOA
16,SAN IGNACIO,25,SINALOA
17,SINALOA,25,SINALOA
18,NAVOLATO,25,SINALOA
999,NO ESPECIFICADO,25,SINALOA
1,ACONCHI,26,SONORA
2,AGUA PRIETA,26,SONORA
3,ALAMOS,26,SONORA
4,ALTAR,26,SONORA
5,ARIVECHI,26,SONORA
6,ARIZPE,26,SONORA
7,ATIL,26,SONORA
8,BACADÉHUACHI,26,SONORA
9,BACANORA,26,SONORA
10,BACERAC,26,SONORA
11,BACOACHI,26,SONORA
12,BÁCUM,26,SONORA
13,BANÁMICHI,26,SONORA
14,BAVIÁCORA,26,SONORA
15,BAVISPE,26,SONORA
16,BENJAMÍN HILL,26,SONORA
17,CABORCA,26,SONORA
18,CAJEME,26,SONORA
19,CANANEA,26,SONORA
20,CARBÓ,26,SONORA
21,LA COLORADA,26,SONORA
22,CUCURPE,26,SONORA
23,CUMPAS,26,SONORA
24,DIVISADEROS,26,SONORA
25,EMPALME,26,SONORA
26,ETCHOJOA,26,SONORA
27,FRONTERAS,26,SONORA
28,GRANADOS,26,SONORA
29,GUAYMAS,26,SONORA
30,HERMOSILLO,26,SONORA
31,HUACHINERA,26,SONORA
32,HUÁSABAS,26,SONORA
33,HUATABAMPO,26,SONORA
34,HUÉPAC,26,SONORA
35,IMURIS,26,SONORA
36,MAGDALENA,26,SONORA
37,MAZATÁN,26,SONORA
38,MOCTEZUMA,26,SONORA
39,NACO,26,SONORA
40,NÁCORI CHICO,26,SONORA
41,NACOZARI DE GARCÍA,26,SONORA
42,NAVOJOA,26,SONORA
43,NOGALES,26,SONORA
44,ONAVAS,26,SONORA
45,OPODEPE,26,SONORA
46,OQUITOA,26,SONORA
47,PITIQUITO,26,SONORA
48,PUERTO PEÑASCO,26,SONORA
49,QUIRIEGO,26,SONORA
50,RAYÓN,26,SONORA
51,ROSARIO,26,SONORA
52,SAHUARIPA,26,SONORA
53,SAN FELIPE DE JESÚS,26,SONORA
54,SAN JAVIER,26,SONORA
55,SAN LUIS RÍO COLORADO,26,SONORA
56,SAN MIGUEL DE HORCASITAS,26,SONORA
57,SAN PEDRO DE LA CUEVA,26,SONORA
58,SANTA ANA,26,SONORA
59,SANTA CRUZ,26,SONORA
60,SÁRIC,26,SONORA
61,SOYOPA,26,SONORA
62,SUAQUI GRANDE,26,SONORA
63,TEPACHE,26,SONORA
64,TRINCHERAS,26,SONORA
65,TUBUTAMA,26,SONORA
66,URES,26,SONORA
67,VILLA HIDALGO,26,SONORA
68,VILLA PESQUEIRA,26,SONORA
69,YÉCORA,26,SONORA
70,GENERAL PLUTARCO ELÍAS CALLES,26,SONORA
71,BENITO JUÁREZ,26,SONORA
72,SAN IGNACIO RÍO MUERTO,26,SONORA
999,NO ESPECIFICADO,26,SONORA
1,BALANCÁN,27,TABASCO
2,CÁRDENAS,27,TABASCO
3,CENTLA,27,TABASCO
4,CENTRO,27,TABASCO
5,COMALCALCO,27,TABASCO
6,CUNDUACÁN,27,TABASCO
7,EMILIANO ZAPATA,27,TABASCO
8,HUIMANGUILLO,27,TABASCO
9,JALAPA,27,TABASCO
10,JALPA DE MÉNDEZ,27,TABASCO
11,JONUTA,27,TABASCO
12,MACUSPANA,27,TABASCO
13,NACAJUCA,27,TABASCO
14,PARAÍSO,27,TABASCO
15,TACOTALPA,27,TABASCO
16,TEAPA,27,TABASCO
17,TENOSIQUE,27,TABASCO
999,NO ESPECIFICADO,27,TABASCO
1,ABASOLO,28,TAMAULIPAS
2,ALDAMA,28,TAMAULIPAS
3,ALTAMIRA,28,TAMAULIPAS
4,ANTIGUO MORELOS,28,TAMAULIPAS
5,BURGOS,28,TAMAULIPAS
6,BUSTAMANTE,28,TAMAULIPAS
7,CAMARGO,28,TAMAULIPAS
8,CASAS,28,TAMAULIPAS
9,CIUDAD MADERO,28,TAMAULIPAS
10,CRUILLAS,28,TAMAULIPAS
11,GÓMEZ FARÍAS,28,TAMAULIPAS
12,GONZÁLEZ,28,TAMAULIPAS
13,GÜÉMEZ,28,TAMAULIPAS
14,GUERRERO,28,TAMAULIPAS
15,GUSTAVO DÍAZ ORDAZ,28,TAMAULIPAS
16,HIDALGO,28,TAMAULIPAS
17,JAUMAVE,28,TAMAULIPAS
18,JIMÉNEZ,28,TAMAULIPAS
19,LLERA,28,TAMAULIPAS
20,MAINERO,28,TAMAULIPAS
21,EL MANTE,28,TAMAULIPAS
22,MATAMOROS,28,TAMAULIPAS
23,MÉNDEZ,28,TAMAULIPAS
24,MIER,28,TAMAULIPAS
25,MIGUEL ALEMÁN,28,TAMAULIPAS
26,MIQUIHUANA,28,TAMAULIPAS
27,NUEVO LAREDO,28,TAMAULIPAS
28,NUEVO MORELOS,28,TAMAULIPAS
29,OCAMPO,28,TAMAULIPAS
30,PADILLA,28,TAMAULIPAS
31,PALMILLAS,28,TAMAULIPAS
32,REYNOSA,28,TAMAULIPAS
33,RÍO BRAVO,28,TAMAULIPAS
34,SAN CARLOS,28,TAMAULIPAS
35,SAN FERNANDO,28,TAMAULIPAS
36,SAN NICOLÁS,28,TAMAULIPAS
37,SOTO LA MARINA,28,TAMAULIPAS
38,TAMPICO,28,TAMAULIPAS
39,TULA,28,TAMAULIPAS
40,VALLE HERMOSO,28,TAMAULIPAS
41,VICTORIA,28,TAMAULIPAS
42,VILLAGRÁN,28,TAMAULIPAS
43,XICOTÉNCATL,28,TAMAULIPAS
999,NO ESPECIFICADO,28,TAMAULIPAS
1,AMAXAC DE GUERRERO,29,TLAXCALA
2,APETATITLÁN DE ANTONIO CARVAJAL,29,TLAXCALA
3,ATLANGATEPEC,29,TLAXCALA
4,ATLTZAYANCA,29,TLAXCALA
5,APIZACO,29,TLAXCALA
6,CALPULALPAN,29,TLAXCALA
7,EL CARMEN TEQUEXQUITLA,29,TLAXCALA
8,CUAPIAXTLA,29,TLAXCALA
9,CUAXOMULCO,29,TLAXCALA
10,CHIAUTEMPAN,29,TLAXCALA
11,MUÑOZ DE DOMINGO ARENAS,29,TLAXCALA
12,ESPAÑITA,29,TLAXCALA
13,HUAMANTLA,29,TLAXCALA
14,HUEYOTLIPAN,29,TLAXCALA
15,IXTACUIXTLA DE MARIANO MATAMOROS,29,TLAXCALA
16,IXTENCO,29,TLAXCALA
17,MAZATECOCHCO DE JOSÉ MARÍA MORELOS,29,TLAXCALA
18,CONTLA DE JUAN CUAMATZI,29,TLAXCALA
19,TEPETITLA DE LARDIZÁBAL,29,TLAXCALA
20,SANCTÓRUM DE LÁZARO CÁRDENAS,29,TLAXCALA
21,NANACAMILPA DE MARIANO ARISTA,29,TLAXCALA
22,ACUAMANALA DE MIGUEL HIDALGO,29,TLAXCALA
23,NATÍVITAS,29,TLAXCALA
24,PANOTLA,29,TLAXCALA
25,SAN PABLO DEL MONTE,29,TLAXCALA
26,SANTA CRUZ TLAXCALA,29,TLAXCALA
27,TENANCINGO,29,TLAXCALA
28,TEOLOCHOLCO,29,TLAXCALA
29,TEPEYANCO,29,TLAXCALA
30,TERRENATE,29,TLAXCALA
31,TETLA DE LA SOLIDARIDAD,29,TLAXCALA
32,TETLATLAHUCA,29,TLAXCALA
33,TLAXCALA,29,TLAXCALA
34,TLAXCO,29,TLAXCALA
35,TOCATLÁN,29,TLAXCALA
36,TOTOLAC,29,TLAXCALA
37,ZILTLALTÉPEC DE TRINIDAD SÁNCHEZ SANTOS,29,TLAXCALA
38,TZOMPANTEPEC,29,TLAXCALA
39,XALOZTOC,29,TLAXCALA
40,XALTOCAN,29,TLAXCALA
41,PAPALOTLA DE XICOHTÉNCATL,29,TLAXCALA
42,XICOHTZINCO,29,TLAXCALA
43,YAUHQUEMEHCAN,29,TLAXCALA
44,ZACATELCO,29,TLAXCALA
45,BENITO JUÁREZ,29,TLAXCALA
46,EMILIANO ZAPATA,29,TLAXCALA
47,LÁZARO CÁRDENAS,29,TLAXCALA
48,LA MAGDALENA TLALTELULCO,29,TLAXCALA
49,SAN DAMIÁN TEXÓLOC,29,TLAXCALA
50,SAN FRANCISCO TETLANOHCAN,29,TLAXCALA
51,SAN JERÓNIMO ZACUALPAN,29,TLAXCALA
52,SAN JOSÉ TEACALCO,29,TLAXCALA
53,SAN JUAN HUACTZINCO,29,TLAXCALA
54,SAN LORENZO AXOCOMANITLA,29,TLAXCALA
55,SAN LUCAS TECOPILCO,29,TLAXCALA
56,SANTA ANA NOPALUCAN,29,TLAXCALA
57,SANTA APOLONIA TEACALCO,29,TLAXCALA
58,SANTA CATARINA AYOMETLA,29,TLAXCALA
59,SANTA CRUZ QUILEHTLA,29,TLAXCALA
60,SANTA ISABEL XILOXOXTLA,29,TLAXCALA
999,NO ESPECIFICADO,29,TLAXCALA
1,ACAJETE,30,VERACRUZ
2,ACATLÁN,30,VERACRUZ
3,ACAYUCAN,30,VERACRUZ
4,ACTOPAN,30,VERACRUZ
5,ACULA,30,VERACRUZ
6,ACULTZINGO,30,VERACRUZ
7,CAMARÓN DE TEJEDA,30,VERACRUZ
8,ALPATLÁHUAC,30,VERACRUZ
9,ALTO LUCERO DE GUTIÉRREZ BARRIOS,30,VERACRUZ
10,ALTOTONGA,30,VERACRUZ
11,ALVARADO,30,VERACRUZ
12,AMATITLÁN,30,VERACRUZ
13,NARANJOS AMATLÁN,30,VERACRUZ
14,AMATLÁN DE LOS REYES,30,VERACRUZ
15,ANGEL R. CABADA,30,VERACRUZ
16,LA ANTIGUA,30,VERACRUZ
17,APAZAPAN,30,VERACRUZ
18,AQUILA,30,VERACRUZ
19,ASTACINGA,30,VERACRUZ
20,ATLAHUILCO,30,VERACRUZ
21,ATOYAC,30,VERACRUZ
22,ATZACAN,30,VERACRUZ
23,ATZALAN,30,VERACRUZ
24,TLALTETELA,30,VERACRUZ
25,AYAHUALULCO,30,VERACRUZ
26,BANDERILLA,30,VERACRUZ
27,BENITO JUÁREZ,30,VERACRUZ
28,BOCA DEL RÍO,30,VERACRUZ
29,CALCAHUALCO,30,VERACRUZ
30,CAMERINO Z. MENDOZA,30,VERACRUZ
31,CARRILLO PUERTO,30,VERACRUZ
32,CATEMACO,30,VERACRUZ
33,CAZONES DE HERRERA,30,VERACRUZ
34,CERRO AZUL,30,VERACRUZ
35,CITLALTÉPETL,30,VERACRUZ
36,COACOATZINTLA,30,VERACRUZ
37,COAHUITLÁN,30,VERACRUZ
38,COATEPEC,30,VERACRUZ
39,COATZACOALCOS,30,VERACRUZ
40,COATZINTLA,30,VERACRUZ
41,COETZALA,30,VERACRUZ
42,COLIPA,30,VERACRUZ
43,COMAPA,30,VERACRUZ
44,CÓRDOBA,30,VERACRUZ
45,COSAMALOAPAN DE CARPIO,30,VERACRUZ
46,COSAUTLÁN DE CARVAJAL,30,VERACRUZ
47,COSCOMATEPEC,30,VERACRUZ
48,COSOLEACAQUE,30,VERACRUZ
49,COTAXTLA,30,VERACRUZ
50,COXQUIHUI,30,VERACRUZ
51,COYUTLA,30,VERACRUZ
52,CUICHAPA,30,VERACRUZ
53,CUITLÁHUAC,30,VERACRUZ
54,CHACALTIANGUIS,30,VERACRUZ
55,CHALMA,30,VERACRUZ
56,CHICONAMEL,30,VERACRUZ
57,CHICONQUIACO,30,VERACRUZ
58,CHICONTEPEC,30,VERACRUZ
59,CHINAMECA,30,VERACRUZ
60,CHINAMPA DE GOROSTIZA,30,VERACRUZ
61,LAS CHOAPAS,30,VERACRUZ
62,CHOCAMÁN,30,VERACRUZ
63,CHONTLA,30,VERACRUZ
64,CHUMATLÁN,30,VERACRUZ
65,EMILIANO ZAPATA,30,VERACRUZ
66,ESPINAL,30,VERACRUZ
67,FILOMENO MATA,30,VERACRUZ
68,FORTÍN,30,VERACRUZ
69,GUTIÉRREZ ZAMORA,30,VERACRUZ
70,HIDALGOTITLÁN,30,VERACRUZ
71,HUATUSCO,30,VERACRUZ
72,HUAYACOCOTLA,30,VERACRUZ
73,HUEYAPAN DE OCAMPO,30,VERACRUZ
74,HUILOAPAN DE CUAUHTÉMOC,30,VERACRUZ
75,IGNACIO DE LA LLAVE,30,VERACRUZ
76,ILAMATLÁN,30,VERACRUZ
77,ISLA,30,VERACRUZ
78,IXCATEPEC,30,VERACRUZ
79,IXHUACÁN DE LOS REYES,30,VERACRUZ
80,IXHUATLÁN DEL CAFÉ,30,VERACRUZ
81,IXHUATLANCILLO,30,VERACRUZ
82,IXHUATLÁN DEL SURESTE,30,VERACRUZ
83,IXHUATLÁN DE MADERO,30,VERACRUZ
84,IXMATLAHUACAN,30,VERACRUZ
85,IXTACZOQUITLÁN,30,VERACRUZ
86,JALACINGO,30,VERACRUZ
87,XALAPA,30,VERACRUZ
88,JALCOMULCO,30,VERACRUZ
89,JÁLTIPAN,30,VERACRUZ
90,JAMAPA,30,VERACRUZ
91,JESÚS CARRANZA,30,VERACRUZ
92,XICO,30,VERACRUZ
93,JILOTEPEC,30,VERACRUZ
94,JUAN RODRÍGUEZ CLARA,30,VERACRUZ
95,JUCHIQUE DE FERRER,30,VERACRUZ
96,LANDERO Y COSS,30,VERACRUZ
97,LERDO DE TEJADA,30,VERACRUZ
98,MAGDALENA,30,VERACRUZ
99,MALTRATA,30,VERACRUZ
100,MANLIO FABIO ALTAMIRANO,30,VERACRUZ
101,MARIANO ESCOBEDO,30,VERACRUZ
102,MARTÍNEZ DE LA TORRE,30,VERACRUZ
103,MECATLÁN,30,VERACRUZ
104,MECAYAPAN,30,VERACRUZ
105,MEDELLÍN DE BRAVO,30,VERACRUZ
106,MIAHUATLÁN,30,VERACRUZ
107,LAS MINAS,30,VERACRUZ
108,MINATITLÁN,30,VERACRUZ
109,MISANTLA,30,VERACRUZ
110,MIXTLA DE ALTAMIRANO,30,VERACRUZ
111,MOLOACÁN,30,VERACRUZ
112,NAOLINCO,30,VERACRUZ
113,NARANJAL,30,VERACRUZ
114,NAUTLA,30,VERACRUZ
115,NOGALES,30,VERACRUZ
116,OLUTA,30,VERACRUZ
117,OMEALCA,30,VERACRUZ
118,ORIZABA,30,VERACRUZ
119,OTATITLÁN,30,VERACRUZ
120,OTEAPAN,30,VERACRUZ
121,OZULUAMA DE MASCAREÑAS,30,VERACRUZ
122,PAJAPAN,30,VERACRUZ
123,PÁNUCO,30,VERACRUZ
124,PAPANTLA,30,VERACRUZ
125,PASO DEL MACHO,30,VERACRUZ
126,PASO DE OVEJAS,30,VERACRUZ
127,LA PERLA,30,VERACRUZ
128,PEROTE,30,VERACRUZ
129,PLATÓN SÁNCHEZ,30,VERACRUZ
130,PLAYA VICENTE,30,VERACRUZ
131,POZA RICA DE HIDALGO,30,VERACRUZ
132,LAS VIGAS DE RAMÍREZ,30,VERACRUZ
133,PUEBLO VIEJO,30,VERACRUZ
134,PUENTE NACIONAL,30,VERACRUZ
135,RAFAEL DELGADO,30,VERACRUZ
136,RAFAEL LUCIO,30,VERACRUZ
137,LOS REYES,30,VERACRUZ
138,RÍO BLANCO,30,VERACRUZ
139,SALTABARRANCA,30,VERACRUZ
140,SAN ANDRÉS TENEJAPAN,30,VERACRUZ
141,SAN ANDRÉS TUXTLA,30,VERACRUZ
142,SAN JUAN EVANGELISTA,30,VERACRUZ
143,SANTIAGO TUXTLA,30,VERACRUZ
144,SAYULA DE ALEMÁN,30,VERACRUZ
145,SOCONUSCO,30,VERACRUZ
146,SOCHIAPA,30,VERACRUZ
147,SOLEDAD ATZOMPA,30,VERACRUZ
148,SOLEDAD DE DOBLADO,30,VERACRUZ
149,SOTEAPAN,30,VERACRUZ
150,TAMALÍN,30,VERACRUZ
151,TAMIAHUA,30,VERACRUZ
152,TAMPICO ALTO,30,VERACRUZ
153,TANCOCO,30,VERACRUZ
154,TANTIMA,30,VERACRUZ
155,TANTOYUCA,30,VERACRUZ
156,TATATILA,30,VERACRUZ
157,CASTILLO DE TEAYO,30,VERACRUZ
158,TECOLUTLA,30,VERACRUZ
159,TEHUIPANGO,30,VERACRUZ
160,ÁLAMO TEMAPACHE,30,VERACRUZ
161,TEMPOAL,30,VERACRUZ
162,TENAMPA,30,VERACRUZ
163,TENOCHTITLÁN,30,VERACRUZ
164,TEOCELO,30,VERACRUZ
165,TEPATLAXCO,30,VERACRUZ
166,TEPETLÁN,30,VERACRUZ
167,TEPETZINTLA,30,VERACRUZ
168,TEQUILA,30,VERACRUZ
169,JOSÉ AZUETA,30,VERACRUZ
170,TEXCATEPEC,30,VERACRUZ
171,TEXHUACÁN,30,VERACRUZ
172,TEXISTEPEC,30,VERACRUZ
173,TEZONAPA,30,VERACRUZ
174,TIERRA BLANCA,30,VERACRUZ
175,TIHUATLÁN,30,VERACRUZ
176,TLACOJALPAN,30,VERACRUZ
177,TLACOLULAN,30,VERACRUZ
178,TLACOTALPAN,30,VERACRUZ
179,TLACOTEPEC DE MEJÍA,30,VERACRUZ
180,TLACHICHILCO,30,VERACRUZ
181,TLALIXCOYAN,30,VERACRUZ
182,TLALNELHUAYOCAN,30,VERACRUZ
183,TLAPACOYAN,30,VERACRUZ
184,TLAQUILPA,30,VERACRUZ
185,TLILAPAN,30,VERACRUZ
186,TOMATLÁN,30,VERACRUZ
187,TONAYÁN,30,VERACRUZ
188,TOTUTLA,30,VERACRUZ
189,TUXPAN,30,VERACRUZ
190,TUXTILLA,30,VERACRUZ
191,URSULO GALVÁN,30,VERACRUZ
192,VEGA DE ALATORRE,30,VERACRUZ
193,VERACRUZ,30,VERACRUZ
194,VILLA ALDAMA,30,VERACRUZ
195,XOXOCOTLA,30,VERACRUZ
196,YANGA,30,VERACRUZ
197,YECUATLA,30,VERACRUZ
198,ZACUALPAN,30,VERACRUZ
199,ZARAGOZA,30,VERACRUZ
200,ZENTLA,30,VERACRUZ
201,ZONGOLICA,30,VERACRUZ
202,ZONTECOMATLÁN DE LÓPEZ Y FUENTES,30,VERACRUZ
203,ZOZOCOLCO DE HIDALGO,30,VERACRUZ
204,AGUA DULCE,30,VERACRUZ
205,EL HIGO,30,VERACRUZ
206,NANCHITAL DE LÁZARO CÁRDENAS DEL RÍO,30,VERACRUZ
207,TRES VALLES,30,VERACRUZ
208,CARLOS A. CARRILLO,30,VERACRUZ
209,TATAHUICAPAN DE JUÁREZ,30,VERACRUZ
210,UXPANAPA,30,VERACRUZ
211,SAN RAFAEL,30,VERACRUZ
212,SANTIAGO SOCHIAPAN,30,VERACRUZ
999,NO ESPECIFICADO,30,VERACRUZ
1,ABALÁ,31,YUCATAN
2,ACANCEH,31,YUCATAN
3,AKIL,31,YUCATAN
4,BACA,31,YUCATAN
5,BOKOBÁ,31,YUCATAN
6,BUCTZOTZ,31,YUCATAN
7,CACALCHÉN,31,YUCATAN
8,CALOTMUL,31,YUCATAN
9,CANSAHCAB,31,YUCATAN
10,CANTAMAYEC,31,YUCATAN
11,CELESTÚN,31,YUCATAN
12,CENOTILLO,31,YUCATAN
13,CONKAL,31,YUCATAN
14,CUNCUNUL,31,YUCATAN
15,CUZAMÁ,31,YUCATAN
16,CHACSINKÍN,31,YUCATAN
17,CHANKOM,31,YUCATAN
18,CHAPAB,31,YUCATAN
19,CHEMAX,31,YUCATAN
20,CHICXULUB PUEBLO,31,YUCATAN
21,CHICHIMILÁ,31,YUCATAN
22,CHIKINDZONOT,31,YUCATAN
23,CHOCHOLÁ,31,YUCATAN
24,CHUMAYEL,31,YUCATAN
25,DZÁN,31,YUCATAN
26,DZEMUL,31,YUCATAN
27,DZIDZANTÚN,31,YUCATAN
28,DZILAM DE BRAVO,31,YUCATAN
29,DZILAM GONZÁLEZ,31,YUCATAN
30,DZITÁS,31,YUCATAN
31,DZONCAUICH,31,YUCATAN
32,ESPITA,31,YUCATAN
33,HALACHÓ,31,YUCATAN
34,HOCABÁ,31,YUCATAN
35,HOCTÚN,31,YUCATAN
36,HOMÚN,31,YUCATAN
37,HUHÍ,31,YUCATAN
38,HUNUCMÁ,31,YUCATAN
39,IXIL,31,YUCATAN
40,IZAMAL,31,YUCATAN
41,KANASÍN,31,YUCATAN
42,KANTUNIL,31,YUCATAN
43,KAUA,31,YUCATAN
44,KINCHIL,31,YUCATAN
45,KOPOMÁ,31,YUCATAN
46,MAMA,31,YUCATAN
47,MANÍ,31,YUCATAN
48,MAXCANÚ,31,YUCATAN
49,MAYAPÁN,31,YUCATAN
50,MÉRIDA,31,YUCATAN
51,MOCOCHÁ,31,YUCATAN
52,MOTUL,31,YUCATAN
53,MUNA,31,YUCATAN
54,MUXUPIP,31,YUCATAN
55,OPICHÉN,31,YUCATAN
56,OXKUTZCAB,31,YUCATAN
57,PANABÁ,31,YUCATAN
58,PETO,31,YUCATAN
59,PROGRESO,31,YUCATAN
60,QUINTANA ROO,31,YUCATAN
61,RÍO LAGARTOS,31,YUCATAN
62,SACALUM,31,YUCATAN
63,SAMAHIL,31,YUCATAN
64,SANAHCAT,31,YUCATAN
65,SAN FELIPE,31,YUCATAN
66,SANTA ELENA,31,YUCATAN
67,SEYÉ,31,YUCATAN
68,SINANCHÉ,31,YUCATAN
69,SOTUTA,31,YUCATAN
70,SUCILÁ,31,YUCATAN
71,SUDZAL,31,YUCATAN
72,SUMA,31,YUCATAN
73,TAHDZIÚ,31,YUCATAN
74,TAHMEK,31,YUCATAN
75,TEABO,31,YUCATAN
76,TECOH,31,YUCATAN
77,TEKAL DE VENEGAS,31,YUCATAN
78,TEKANTÓ,31,YUCATAN
79,TEKAX,31,YUCATAN
80,TEKIT,31,YUCATAN
81,TEKOM,31,YUCATAN
82,TELCHAC PUEBLO,31,YUCATAN
83,TELCHAC PUERTO,31,YUCATAN
84,TEMAX,31,YUCATAN
85,TEMOZÓN,31,YUCATAN
86,TEPAKÁN,31,YUCATAN
87,TETIZ,31,YUCATAN
88,TEYA,31,YUCATAN
89,TICUL,31,YUCATAN
90,TIMUCUY,31,YUCATAN
91,TINUM,31,YUCATAN
92,TIXCACALCUPUL,31,YUCATAN
93,TIXKOKOB,31,YUCATAN
94,TIXMEHUAC,31,YUCATAN
95,TIXPÉHUAL,31,YUCATAN
96,TIZIMÍN,31,YUCATAN
97,TUNKÁS,31,YUCATAN
98,TZUCACAB,31,YUCATAN
99,UAYMA,31,YUCATAN
100,UCÚ,31,YUCATAN
101,UMÁN,31,YUCATAN
102,VALLADOLID,31,YUCATAN
103,XOCCHEL,31,YUCATAN
104,YAXCABÁ,31,YUCATAN
105,YAXKUKUL,31,YUCATAN
106,YOBAÍN,31,YUCATAN
999,NO ESPECIFICADO,31,YUCATAN
1,APOZOL,32,ZACATECAS
2,APULCO,32,ZACATECAS
3,ATOLINGA,32,ZACATECAS
4,BENITO JUÁREZ,32,ZACATECAS
5,CALERA,32,ZACATECAS
6,CAÑITAS DE FELIPE PESCADOR,32,ZACATECAS
7,CONCEPCIÓN DEL ORO,32,ZACATECAS
8,CUAUHTÉMOC,32,ZACATECAS
9,CHALCHIHUITES,32,ZACATECAS
10,FRESNILLO,32,ZACATECAS
11,TRINIDAD GARCÍA DE LA CADENA,32,ZACATECAS
12,GENARO CODINA,32,ZACATECAS
13,GENERAL ENRIQUE ESTRADA,32,ZACATECAS
14,GENERAL FRANCISCO R. MURGUÍA,32,ZACATECAS
15,EL PLATEADO DE JOAQUÍN AMARO,32,ZACATECAS
16,GENERAL PÁNFILO NATERA,32,ZACATECAS
17,GUADALUPE,32,ZACATECAS
18,HUANUSCO,32,ZACATECAS
19,JALPA,32,ZACATECAS
20,JEREZ,32,ZACATECAS
21,JIMÉNEZ DEL TEUL,32,ZACATECAS
22,JUAN ALDAMA,32,ZACATECAS
23,JUCHIPILA,32,ZACATECAS
24,LORETO,32,ZACATECAS
25,LUIS MOYA,32,ZACATECAS
26,MAZAPIL,32,ZACATECAS
27,MELCHOR OCAMPO,32,ZACATECAS
28,MEZQUITAL DEL ORO,32,ZACATECAS
29,MIGUEL AUZA,32,ZACATECAS
30,MOMAX,32,ZACATECAS
31,MONTE ESCOBEDO,32,ZACATECAS
32,MORELOS,32,ZACATECAS
33,MOYAHUA DE ESTRADA,32,ZACATECAS
34,NOCHISTLÁN DE MEJÍA,32,ZACATECAS
35,NORIA DE ÁNGELES,32,ZACATECAS
36,OJOCALIENTE,32,ZACATECAS
37,PÁNUCO,32,ZACATECAS
38,PINOS,32,ZACATECAS
39,RÍO GRANDE,32,ZACATECAS
40,SAIN ALTO,32,ZACATECAS
41,EL SALVADOR,32,ZACATECAS
42,SOMBRERETE,32,ZACATECAS
43,SUSTICACÁN,32,ZACATECAS
44,TABASCO,32,ZACATECAS
45,TEPECHITLÁN,32,ZACATECAS
46,TEPETONGO,32,ZACATECAS
47,TEÚL DE GONZÁLEZ ORTEGA,32,ZACATECAS
48,TLALTENANGO DE SÁNCHEZ ROMÁN,32,ZACATECAS
49,VALPARAÍSO,32,ZACATECAS
50,VETAGRANDE,32,ZACATECAS
51,VILLA DE COS,32,ZACATECAS
52,VILLA GARCÍA,32,ZACATECAS
53,VILLA GONZÁLEZ ORTEGA,32,ZACATECAS
54,VILLA HIDALGO,32,ZACATECAS
55,VILLANUEVA,32,ZACATECAS
56,ZACATECAS,32,ZACATECAS
57,TRANCOSO,32,ZACATECAS
58,SANTA MARÍA DE LA PAZ,32,ZACATECAS
999,NO ESPECIFICADO,32,ZACATECAS
999,NO ESPECIFICADO,36,ESTADOS UNIDOS MEXICANOS
997,NO APLICA,97,NO APLICA
998,SE IGNORA,98,SE IGNORA
999,NO ESPECIFICADO,99,NO ESPECIFICADO
