ENTIDAD_RES,CLAVE_ENTIDAD,MUNICIPIO_RES,POBLACION
AGUASCALIENTES,1,1,974529
AGUASCALIENTES,1,2,51383
AGUASCALIENTES,1,3,61389
AGUASCALIENTES,1,4,17076
AGUASCALIENTES,1,5,132340
AGUASCALIENTES,1,6,50574
AGUASCALIENTES,1,7,58600
AGUASCALIENTES,1,8,9771
AGUASCALIENTES,1,9,23017
AGUASCALIENTES,1,10,22189
AGUASCALIENTES,1,11,52584
BAJA CALIFORNIA,2,1,544568
BAJA CALIFORNIA,2,2,1105279
BAJA CALIFORNIA,2,3,115534
BAJA CALIFORNIA,2,4,1815100
BAJA CALIFORNIA,2,5,109679
BAJA CALIFORNIA SUR,3,1,84593
BAJA CALIFORNIA SUR,3,2,68663
BAJA CALIFORNIA SUR,3,3,307330
BAJA CALIFORNIA SUR,3,8,338303
BAJA CALIFORNIA SUR,3,9,22170
CAMPECHE,4,1,64269
CAMPECHE,4,2,322756
CAMPECHE,4,3,280167
CAMPECHE,4,4,101675
CAMPECHE,4,5,35222
CAMPECHE,4,6,44780
CAMPECHE,4,7,10000
CAMPECHE,4,8,12121
CAMPECHE,4,9,64373
CAMPECHE,4,10,32174
CAMPECHE,4,11,49474
COAHULA,5,1,1145
COAHULA,5,2,164667
COAHULA,5,3,24960
COAHULA,5,4,25815
COAHULA,5,5,1971
COAHULA,5,6,30992
COAHULA,5,7,14793
COAHULA,5,8,3398
COAHULA,5,9,65435
COAHULA,5,10,89065
COAHULA,5,11,13680
COAHULA,5,12,1978
COAHULA,5,13,1906
COAHULA,5,14,11082
COAHULA,5,15,1743
COAHULA,5,16,2014
COAHULA,5,17,120851
COAHULA,5,18,254558
COAHULA,5,19,9564
COAHULA,5,20,76609
COAHULA,5,21,7230
COAHULA,5,22,33491
COAHULA,5,23,11640
COAHULA,5,24,49067
COAHULA,5,25,179190
COAHULA,5,26,3695
COAHULA,5,27,105455
COAHULA,5,28,70427
COAHULA,5,29,2648
COAHULA,5,30,881364
COAHULA,5,31,26204
COAHULA,5,32,47894
COAHULA,5,33,119105
COAHULA,5,34,7922
COAHULA,5,35,754337
COAHULA,5,36,24114
COAHULA,5,37,6918
COAHULA,5,38,14332
COLIMA,6,1,32810
COLIMA,6,2,171674
COLIMA,6,3,24207
COLIMA,6,4,22453
COLIMA,6,5,33322
COLIMA,6,6,6170
COLIMA,6,7,206757
COLIMA,6,8,9806
COLIMA,6,9,136597
COLIMA,6,10,153449
CHIAPAS,7,1,20142
CHIAPAS,7,2,34995
CHIAPAS,7,3,31479
CHIAPAS,7,4,36542
CHIAPAS,7,5,21991
CHIAPAS,7,6,34329
CHIAPAS,7,7,10926
CHIAPAS,7,8,31245
CHIAPAS,7,9,44739
CHIAPAS,7,10,8427
CHIAPAS,7,11,22310
CHIAPAS,7,12,58123
CHIAPAS,7,13,38682
CHIAPAS,7,14,24819
CHIAPAS,7,15,51088
CHIAPAS,7,16,19230
CHIAPAS,7,17,94888
CHIAPAS,7,18,10167
CHIAPAS,7,19,173157
CHIAPAS,7,20,51135
CHIAPAS,7,21,24298
CHIAPAS,7,22,18250
CHIAPAS,7,23,96899
CHIAPAS,7,24,13563
CHIAPAS,7,25,8325
CHIAPAS,7,26,44165
CHIAPAS,7,27,113221
CHIAPAS,7,28,6489
CHIAPAS,7,29,5653
CHIAPAS,7,30,38740
CHIAPAS,7,31,142413
CHIAPAS,7,32,35066
CHIAPAS,7,33,8386
CHIAPAS,7,34,82096
CHIAPAS,7,35,16007
CHIAPAS,7,36,7964
CHIAPAS,7,37,38658
CHIAPAS,7,38,26001
CHIAPAS,7,39,25420
CHIAPAS,7,40,59941
CHIAPAS,7,41,50340
CHIAPAS,7,42,12502
CHIAPAS,7,43,11908
CHIAPAS,7,44,30207
CHIAPAS,7,45,6055
CHIAPAS,7,46,43874
CHIAPAS,7,47,22980
CHIAPAS,7,48,23811
CHIAPAS,7,49,26156
CHIAPAS,7,50,5467
CHIAPAS,7,51,52637
CHIAPAS,7,52,136932
CHIAPAS,7,53,8664
CHIAPAS,7,54,32323
CHIAPAS,7,55,6276
CHIAPAS,7,56,13479
CHIAPAS,7,57,80820
CHIAPAS,7,58,4773
CHIAPAS,7,59,242931
CHIAPAS,7,60,13940
CHIAPAS,7,61,101771
CHIAPAS,7,62,20227
CHIAPAS,7,63,4151
CHIAPAS,7,64,52370
CHIAPAS,7,65,133281
CHIAPAS,7,66,24392
CHIAPAS,7,67,13574
CHIAPAS,7,68,34737
CHIAPAS,7,69,58927
CHIAPAS,7,70,15698
CHIAPAS,7,71,31873
CHIAPAS,7,72,35521
CHIAPAS,7,73,10711
CHIAPAS,7,74,50268
CHIAPAS,7,75,31263
CHIAPAS,7,76,29694
CHIAPAS,7,77,69696
CHIAPAS,7,78,234878
CHIAPAS,7,79,43702
CHIAPAS,7,80,39856
CHIAPAS,7,81,48797
CHIAPAS,7,82,15806
CHIAPAS,7,83,20398
CHIAPAS,7,84,8883
CHIAPAS,7,85,11918
CHIAPAS,7,86,26952
CHIAPAS,7,87,42762
CHIAPAS,7,88,2639
CHIAPAS,7,89,390076
CHIAPAS,7,90,4387
CHIAPAS,7,91,14411
CHIAPAS,7,92,45957
CHIAPAS,7,93,48308
CHIAPAS,7,94,47969
CHIAPAS,7,96,86773
CHIAPAS,7,97,99064
CHIAPAS,7,98,8006
CHIAPAS,7,99,86766
CHIAPAS,7,100,37870
CHIAPAS,7,101,671619
CHIAPAS,7,102,46647
CHIAPAS,7,103,35492
CHIAPAS,7,104,17120
CHIAPAS,7,105,17021
CHIAPAS,7,106,71836
CHIAPAS,7,107,86776
CHIAPAS,7,108,117193
CHIAPAS,7,109,42276
CHIAPAS,7,110,8003
CHIAPAS,7,111,45486
CHIAPAS,7,112,38517
CHIAPAS,7,113,7262
CHIAPAS,7,114,21951
CHIAPAS,7,115,13934
CHIAPAS,7,116,12429
CHIAPAS,7,117,8463
CHIAPAS,7,118,5952
CHIAPAS,7,119,4022
CHIHUAHUA,8,1,13059
CHIHUAHUA,8,2,26541
CHIHUAHUA,8,3,9577
CHIHUAHUA,8,4,19492
CHIHUAHUA,8,5,26618
CHIHUAHUA,8,6,6834
CHIHUAHUA,8,7,17918
CHIHUAHUA,8,8,12923
CHIHUAHUA,8,9,29941
CHIHUAHUA,8,10,25265
CHIHUAHUA,8,11,55904
CHIHUAHUA,8,12,10241
CHIHUAHUA,8,13,12335
CHIHUAHUA,8,14,2397
CHIHUAHUA,8,15,1853
CHIHUAHUA,8,16,4280
CHIHUAHUA,8,17,184182
CHIHUAHUA,8,18,5141
CHIHUAHUA,8,19,960898
CHIHUAHUA,8,20,8610
CHIHUAHUA,8,21,162365
CHIHUAHUA,8,22,2814
CHIHUAHUA,8,23,7166
CHIHUAHUA,8,24,4338
CHIHUAHUA,8,25,9746
CHIHUAHUA,8,26,2811
CHIHUAHUA,8,27,50204
CHIHUAHUA,8,28,4947
CHIHUAHUA,8,29,59015
CHIHUAHUA,8,30,8668
CHIHUAHUA,8,31,42878
CHIHUAHUA,8,32,118713
CHIHUAHUA,8,33,1084
CHIHUAHUA,8,34,7582
CHIHUAHUA,8,35,11942
CHIHUAHUA,8,36,46148
CHIHUAHUA,8,37,1473439
CHIHUAHUA,8,38,4959
CHIHUAHUA,8,39,4397
CHIHUAHUA,8,40,31103
CHIHUAHUA,8,41,1725
CHIHUAHUA,8,42,1583
CHIHUAHUA,8,43,3349
CHIHUAHUA,8,44,4912
CHIHUAHUA,8,45,48732
CHIHUAHUA,8,46,8306
CHIHUAHUA,8,47,5566
CHIHUAHUA,8,48,26042
CHIHUAHUA,8,49,2855
CHIHUAHUA,8,50,68084
CHIHUAHUA,8,51,8073
CHIHUAHUA,8,52,30453
CHIHUAHUA,8,53,5060
CHIHUAHUA,8,54,8337
CHIHUAHUA,8,55,18595
CHIHUAHUA,8,56,2207
CHIHUAHUA,8,57,2492
CHIHUAHUA,8,58,2858
CHIHUAHUA,8,59,5607
CHIHUAHUA,8,60,11742
CHIHUAHUA,8,61,3399
CHIHUAHUA,8,62,34454
CHIHUAHUA,8,63,7107
CHIHUAHUA,8,64,1847
CHIHUAHUA,8,65,22455
CHIHUAHUA,8,66,6587
CHIHUAHUA,8,67,5751
CIUDAD DE MEXICO,9,2,407280
CIUDAD DE MEXICO,9,3,620486
CIUDAD DE MEXICO,9,4,199926
CIUDAD DE MEXICO,9,5,1173555
CIUDAD DE MEXICO,9,6,393275
CIUDAD DE MEXICO,9,7,1807133
CIUDAD DE MEXICO,9,8,244769
CIUDAD DE MEXICO,9,9,139441
CIUDAD DE MEXICO,9,10,755046
CIUDAD DE MEXICO,9,11,365386
CIUDAD DE MEXICO,9,12,682121
CIUDAD DE MEXICO,9,13,416419
CIUDAD DE MEXICO,9,14,436737
CIUDAD DE MEXICO,9,15,549396
CIUDAD DE MEXICO,9,16,380465
CIUDAD DE MEXICO,9,17,432392
DURANGO,10,1,35033
DURANGO,10,2,4848
DURANGO,10,3,4670
DURANGO,10,4,37765
DURANGO,10,5,702486
DURANGO,10,6,10878
DURANGO,10,7,372559
DURANGO,10,8,38074
DURANGO,10,9,10547
DURANGO,10,10,4177
DURANGO,10,11,5449
DURANGO,10,12,166296
DURANGO,10,13,28561
DURANGO,10,14,40938
DURANGO,10,15,14001
DURANGO,10,16,21074
DURANGO,10,17,10434
DURANGO,10,18,12399
DURANGO,10,19,5528
DURANGO,10,20,12988
DURANGO,10,21,11621
DURANGO,10,22,27129
DURANGO,10,23,53169
DURANGO,10,24,14565
DURANGO,10,25,3479
DURANGO,10,26,20139
DURANGO,10,27,5940
DURANGO,10,28,13442
DURANGO,10,29,2275
DURANGO,10,30,1648
DURANGO,10,31,7563
DURANGO,10,32,51531
DURANGO,10,33,6775
DURANGO,10,34,27331
DURANGO,10,35,11585
DURANGO,10,36,25264
DURANGO,10,37,9946
DURANGO,10,38,23416
DURANGO,10,39,29099
GUANAJUATO,11,1,96324
GUANAJUATO,11,2,119875
GUANAJUATO,11,3,184738
GUANAJUATO,11,4,72731
GUANAJUATO,11,5,100072
GUANAJUATO,11,6,5585
GUANAJUATO,11,7,535265
GUANAJUATO,11,8,40886
GUANAJUATO,11,9,87826
GUANAJUATO,11,10,13111
GUANAJUATO,11,11,102119
GUANAJUATO,11,12,30194
GUANAJUATO,11,13,25767
GUANAJUATO,11,14,161634
GUANAJUATO,11,15,199866
GUANAJUATO,11,16,22788
GUANAJUATO,11,17,616312
GUANAJUATO,11,18,41557
GUANAJUATO,11,19,51494
GUANAJUATO,11,20,1694594
GUANAJUATO,11,21,54835
GUANAJUATO,11,22,24932
GUANAJUATO,11,23,160917
GUANAJUATO,11,24,12754
GUANAJUATO,11,25,87157
GUANAJUATO,11,26,63016
GUANAJUATO,11,27,295849
GUANAJUATO,11,28,107838
GUANAJUATO,11,29,41899
GUANAJUATO,11,30,119281
GUANAJUATO,11,31,126678
GUANAJUATO,11,32,84416
GUANAJUATO,11,33,128560
GUANAJUATO,11,34,5626
GUANAJUATO,11,35,89353
GUANAJUATO,11,36,7415
GUANAJUATO,11,37,203050
GUANAJUATO,11,38,13115
GUANAJUATO,11,39,36762
GUANAJUATO,11,40,20413
GUANAJUATO,11,41,67785
GUANAJUATO,11,42,154326
GUANAJUATO,11,43,21672
GUANAJUATO,11,44,63434
GUANAJUATO,11,45,12372
GUANAJUATO,11,46,74452
GUERRERO,12,1,843490
GUERRERO,12,2,27475
GUERRERO,12,3,38853
GUERRERO,12,4,20212
GUERRERO,12,5,6985
GUERRERO,12,6,11699
GUERRERO,12,7,32540
GUERRERO,12,8,8947
GUERRERO,12,9,5244
GUERRERO,12,10,28227
GUERRERO,12,11,62624
GUERRERO,12,12,70494
GUERRERO,12,13,12956
GUERRERO,12,14,15982
GUERRERO,12,15,13776
GUERRERO,12,16,12590
GUERRERO,12,17,14041
GUERRERO,12,18,14706
GUERRERO,12,19,15108
GUERRERO,12,20,20875
GUERRERO,12,21,79158
GUERRERO,12,22,40266
GUERRERO,12,23,28022
GUERRERO,12,24,7836
GUERRERO,12,25,16598
GUERRERO,12,26,8951
GUERRERO,12,27,20368
GUERRERO,12,28,133973
GUERRERO,12,29,286309
GUERRERO,12,30,21587
GUERRERO,12,31,5930
GUERRERO,12,32,37840
GUERRERO,12,33,15815
GUERRERO,12,34,38806
GUERRERO,12,35,158966
GUERRERO,12,36,11631
GUERRERO,12,37,6457
GUERRERO,12,38,131331
GUERRERO,12,39,25802
GUERRERO,12,40,26937
GUERRERO,12,41,28033
GUERRERO,12,42,19437
GUERRERO,12,43,18900
GUERRERO,12,44,13293
GUERRERO,12,45,26455
GUERRERO,12,46,70244
GUERRERO,12,47,7048
GUERRERO,12,48,45329
GUERRERO,12,49,13351
GUERRERO,12,50,38772
GUERRERO,12,51,37058
GUERRERO,12,52,45148
GUERRERO,12,53,50984
GUERRERO,12,54,28243
GUERRERO,12,55,112893
GUERRERO,12,56,47670
GUERRERO,12,57,67256
GUERRERO,12,58,59409
GUERRERO,12,59,33104
GUERRERO,12,60,14965
GUERRERO,12,61,44702
GUERRERO,12,62,24399
GUERRERO,12,63,10481
GUERRERO,12,64,12796
GUERRERO,12,65,7660
GUERRERO,12,66,94337
GUERRERO,12,67,22716
GUERRERO,12,68,26982
GUERRERO,12,69,12239
GUERRERO,12,70,7408
GUERRERO,12,71,30330
GUERRERO,12,72,12845
GUERRERO,12,73,18107
GUERRERO,12,74,23988
GUERRERO,12,75,53278
GUERRERO,12,76,38802
GUERRERO,12,77,14322
GUERRERO,12,78,19311
GUERRERO,12,79,17971
GUERRERO,12,80,7962
GUERRERO,12,81,11338
HIDALGO,13,1,22291
HIDALGO,13,2,46695
HIDALGO,13,3,61950
HIDALGO,13,4,9772
HIDALGO,13,5,20099
HIDALGO,13,6,22369
HIDALGO,13,7,13256
HIDALGO,13,8,48485
HIDALGO,13,9,20437
HIDALGO,13,10,32608
HIDALGO,13,11,21854
HIDALGO,13,12,29754
HIDALGO,13,13,41658
HIDALGO,13,14,18862
HIDALGO,13,15,20061
HIDALGO,13,16,63061
HIDALGO,13,17,14844
HIDALGO,13,18,25705
HIDALGO,13,19,19846
HIDALGO,13,20,3006
HIDALGO,13,21,15985
HIDALGO,13,22,16271
HIDALGO,13,23,39335
HIDALGO,13,24,19262
HIDALGO,13,25,23323
HIDALGO,13,26,15173
HIDALGO,13,27,27555
HIDALGO,13,28,140867
HIDALGO,13,29,50299
HIDALGO,13,30,100871
HIDALGO,13,31,14640
HIDALGO,13,32,12947
HIDALGO,13,33,3447
HIDALGO,13,34,10305
HIDALGO,13,35,12625
HIDALGO,13,36,10434
HIDALGO,13,37,22359
HIDALGO,13,38,9806
HIDALGO,13,39,15921
HIDALGO,13,40,10987
HIDALGO,13,41,50529
HIDALGO,13,42,12646
HIDALGO,13,43,7465
HIDALGO,13,44,18308
HIDALGO,13,45,10690
HIDALGO,13,46,41974
HIDALGO,13,47,5390
HIDALGO,13,48,281814
HIDALGO,13,49,18923
HIDALGO,13,50,25654
HIDALGO,13,51,190169
HIDALGO,13,52,39755
HIDALGO,13,53,20226
HIDALGO,13,54,38428
HIDALGO,13,55,18603
HIDALGO,13,56,40571
HIDALGO,13,57,17582
HIDALGO,13,58,17714
HIDALGO,13,59,40959
HIDALGO,13,60,19826
HIDALGO,13,61,59326
HIDALGO,13,62,33095
HIDALGO,13,63,94641
HIDALGO,13,64,11942
HIDALGO,13,65,12654
HIDALGO,13,66,13583
HIDALGO,13,67,57697
HIDALGO,13,68,16197
HIDALGO,13,69,140150
HIDALGO,13,70,20992
HIDALGO,13,71,11033
HIDALGO,13,72,11272
HIDALGO,13,73,42587
HIDALGO,13,74,31018
HIDALGO,13,75,17949
HIDALGO,13,76,120085
HIDALGO,13,77,171527
HIDALGO,13,78,21408
HIDALGO,13,79,8384
HIDALGO,13,80,26355
HIDALGO,13,81,38113
HIDALGO,13,82,20594
HIDALGO,13,83,51535
HIDALGO,13,84,42967
JALISCO,14,1,23226
JALISCO,14,2,24214
JALISCO,14,3,24995
JALISCO,14,4,5885
JALISCO,14,5,16593
JALISCO,14,6,65621
JALISCO,14,7,10054
JALISCO,14,8,80636
JALISCO,14,9,21275
JALISCO,14,10,7192
JALISCO,14,11,5980
JALISCO,14,12,4285
JALISCO,14,13,65364
JALISCO,14,14,8771
JALISCO,14,15,66238
JALISCO,14,16,40949
JALISCO,14,17,13478
JALISCO,14,18,70476
JALISCO,14,19,8324
JALISCO,14,20,11207
JALISCO,14,21,23462
JALISCO,14,22,44625
JALISCO,14,23,114963
JALISCO,14,24,28789
JALISCO,14,25,19444
JALISCO,14,26,6631
JALISCO,14,27,19268
JALISCO,14,28,2328
JALISCO,14,29,19558
JALISCO,14,30,55396
JALISCO,14,31,3582
JALISCO,14,32,6531
JALISCO,14,33,23039
JALISCO,14,34,2071
JALISCO,14,35,57765
JALISCO,14,36,21381
JALISCO,14,37,26569
JALISCO,14,38,4574
JALISCO,14,39,1509338
JALISCO,14,40,11100
JALISCO,14,41,6264
JALISCO,14,42,9545
JALISCO,14,43,26318
JALISCO,14,44,61274
JALISCO,14,45,20536
JALISCO,14,46,36443
JALISCO,14,47,26778
JALISCO,14,48,20553
JALISCO,14,49,10196
JALISCO,14,50,49964
JALISCO,14,51,19501
JALISCO,14,52,6074
JALISCO,14,53,177347
JALISCO,14,54,5957
JALISCO,14,55,24348
JALISCO,14,56,2217
JALISCO,14,57,4066
JALISCO,14,58,15797
JALISCO,14,59,15127
JALISCO,14,60,5454
JALISCO,14,61,20988
JALISCO,14,62,3801
JALISCO,14,63,106942
JALISCO,14,64,34342
JALISCO,14,65,12084
JALISCO,14,66,55675
JALISCO,14,67,302720
JALISCO,14,68,11731
JALISCO,14,69,8844
JALISCO,14,70,203385
JALISCO,14,71,3164
JALISCO,14,72,7779
JALISCO,14,73,74929
JALISCO,14,74,17171
JALISCO,14,75,4086
JALISCO,14,76,3259
JALISCO,14,77,29799
JALISCO,14,78,35434
JALISCO,14,79,15486
JALISCO,14,80,5991
JALISCO,14,81,3417
JALISCO,14,82,39693
JALISCO,14,83,86930
JALISCO,14,84,16172
JALISCO,14,85,41484
JALISCO,14,86,20831
JALISCO,14,87,17839
JALISCO,14,88,18675
JALISCO,14,89,4047
JALISCO,14,90,7545
JALISCO,14,91,44595
JALISCO,14,92,11256
JALISCO,14,93,152249
JALISCO,14,94,45080
JALISCO,14,95,10459
JALISCO,14,96,22738
JALISCO,14,97,659547
JALISCO,14,98,715140
JALISCO,14,99,11037
JALISCO,14,100,38193
JALISCO,14,101,583708
JALISCO,14,102,6482
JALISCO,14,103,8510
JALISCO,14,104,4746
JALISCO,14,105,24935
JALISCO,14,106,4683
JALISCO,14,107,6726
JALISCO,14,108,37553
JALISCO,14,109,19430
JALISCO,14,110,14543
JALISCO,14,111,7562
JALISCO,14,112,5944
JALISCO,14,113,17593
JALISCO,14,114,19335
JALISCO,14,115,5935
JALISCO,14,116,22028
JALISCO,14,117,4486
JALISCO,14,118,24072
JALISCO,14,119,30713
JALISCO,14,120,1446244
JALISCO,14,121,31557
JALISCO,14,122,7545
JALISCO,14,123,19519
JALISCO,14,124,73099
JALISCO,14,125,20385
MEXICO,15,1,70172
MEXICO,15,2,190073
MEXICO,15,3,52742
MEXICO,15,4,15708
MEXICO,15,5,190877
MEXICO,15,6,12314
MEXICO,15,7,26082
MEXICO,15,8,28601
MEXICO,15,9,54970
MEXICO,15,10,31891
MEXICO,15,11,71122
MEXICO,15,12,12665
MEXICO,15,13,560994
MEXICO,15,14,108581
MEXICO,15,15,33040
MEXICO,15,16,30436
MEXICO,15,17,11268
MEXICO,15,18,61241
MEXICO,15,19,38546
MEXICO,15,20,312389
MEXICO,15,21,42133
MEXICO,15,22,15587
MEXICO,15,23,44468
MEXICO,15,24,177731
MEXICO,15,25,405488
MEXICO,15,26,30663
MEXICO,15,27,13234
MEXICO,15,28,32263
MEXICO,15,29,230653
MEXICO,15,30,27952
MEXICO,15,31,726430
MEXICO,15,32,36444
MEXICO,15,33,1716891
MEXICO,15,34,10171
MEXICO,15,35,150654
MEXICO,15,36,47272
MEXICO,15,37,293667
MEXICO,15,38,12669
MEXICO,15,39,557092
MEXICO,15,40,38700
MEXICO,15,41,7350
MEXICO,15,42,165039
MEXICO,15,43,32592
MEXICO,15,44,29260
MEXICO,15,45,95973
MEXICO,15,46,20933
MEXICO,15,47,80156
MEXICO,15,48,71234
MEXICO,15,49,14863
MEXICO,15,50,27540
MEXICO,15,51,162204
MEXICO,15,52,29847
MEXICO,15,53,62105
MEXICO,15,54,248200
MEXICO,15,55,13918
MEXICO,15,56,32122
MEXICO,15,57,917312
MEXICO,15,58,1141770
MEXICO,15,59,44432
MEXICO,15,60,447017
MEXICO,15,61,9832
MEXICO,15,62,72557
MEXICO,15,63,37057
MEXICO,15,64,39958
MEXICO,15,65,38578
MEXICO,15,66,4212
MEXICO,15,67,91852
MEXICO,15,68,31481
MEXICO,15,69,4397
MEXICO,15,70,312970
MEXICO,15,71,15243
MEXICO,15,72,14791
MEXICO,15,73,32387
MEXICO,15,74,139526
MEXICO,15,75,29497
MEXICO,15,76,81552
MEXICO,15,77,6608
MEXICO,15,78,10345
MEXICO,15,79,14531
MEXICO,15,80,28392
MEXICO,15,81,510768
MEXICO,15,82,80129
MEXICO,15,83,13843
MEXICO,15,84,42107
MEXICO,15,85,67770
MEXICO,15,86,34591
MEXICO,15,87,110794
MEXICO,15,88,106528
MEXICO,15,89,13540
MEXICO,15,90,93092
MEXICO,15,91,69423
MEXICO,15,92,61609
MEXICO,15,93,33490
MEXICO,15,94,21345
MEXICO,15,95,105766
MEXICO,15,96,40100
MEXICO,15,97,20343
MEXICO,15,98,5769
MEXICO,15,99,264421
MEXICO,15,100,47398
MEXICO,15,101,83330
MEXICO,15,102,16955
MEXICO,15,103,51804
MEXICO,15,104,763728
MEXICO,15,105,37909
MEXICO,15,106,959238
MEXICO,15,107,13714
MEXICO,15,108,162956
MEXICO,15,109,560120
MEXICO,15,110,70753
MEXICO,15,111,55369
MEXICO,15,112,51111
MEXICO,15,113,72605
MEXICO,15,114,111864
MEXICO,15,115,54999
MEXICO,15,116,4381
MEXICO,15,117,16209
MEXICO,15,118,204780
MEXICO,15,119,18067
MEXICO,15,120,220996
MEXICO,15,121,581688
MEXICO,15,122,423921
MEXICO,15,123,29998
MEXICO,15,124,99587
MEXICO,15,125,11014
MICHOACAN,16,1,12100
MICHOACAN,16,2,15225
MICHOACAN,16,3,23091
MICHOACAN,16,4,15990
MICHOACAN,16,5,11848
MICHOACAN,16,6,134512
MICHOACAN,16,7,3458
MICHOACAN,16,8,26342
MICHOACAN,16,9,38953
MICHOACAN,16,10,22886
MICHOACAN,16,11,12059
MICHOACAN,16,12,49900
MICHOACAN,16,13,9665
MICHOACAN,16,14,15274
MICHOACAN,16,15,18433
MICHOACAN,16,16,21898
MICHOACAN,16,17,36061
MICHOACAN,16,18,9536
MICHOACAN,16,19,19702
MICHOACAN,16,20,31564
MICHOACAN,16,21,13091
MICHOACAN,16,22,23402
MICHOACAN,16,23,10858
MICHOACAN,16,24,20163
MICHOACAN,16,25,41516
MICHOACAN,16,26,4992
MICHOACAN,16,27,4529
MICHOACAN,16,28,5378
MICHOACAN,16,29,15997
MICHOACAN,16,30,13211
MICHOACAN,16,31,17614
MICHOACAN,16,32,16228
MICHOACAN,16,33,24060
MICHOACAN,16,34,129826
MICHOACAN,16,35,35782
MICHOACAN,16,36,12588
MICHOACAN,16,37,8485
MICHOACAN,16,38,42695
MICHOACAN,16,39,9332
MICHOACAN,16,40,17677
MICHOACAN,16,41,16032
MICHOACAN,16,42,13565
MICHOACAN,16,43,73082
MICHOACAN,16,44,13427
MICHOACAN,16,45,34847
MICHOACAN,16,46,15417
MICHOACAN,16,47,22479
MICHOACAN,16,48,5901
MICHOACAN,16,49,18877
MICHOACAN,16,50,93522
MICHOACAN,16,51,14652
MICHOACAN,16,52,192833
MICHOACAN,16,53,831328
MICHOACAN,16,54,7857
MICHOACAN,16,55,48105
MICHOACAN,16,56,30101
MICHOACAN,16,57,8546
MICHOACAN,16,58,21014
MICHOACAN,16,59,8518
MICHOACAN,16,60,10341
MICHOACAN,16,61,25548
MICHOACAN,16,62,20419
MICHOACAN,16,63,16620
MICHOACAN,16,64,28175
MICHOACAN,16,65,39653
MICHOACAN,16,66,98798
MICHOACAN,16,67,17856
MICHOACAN,16,68,29661
MICHOACAN,16,69,111233
MICHOACAN,16,70,16151
MICHOACAN,16,71,70610
MICHOACAN,16,72,14423
MICHOACAN,16,73,29350
MICHOACAN,16,74,11010
MICHOACAN,16,75,73925
MICHOACAN,16,76,82074
MICHOACAN,16,77,19022
MICHOACAN,16,78,13196
MICHOACAN,16,79,52079
MICHOACAN,16,80,20114
MICHOACAN,16,81,9203
MICHOACAN,16,82,81923
MICHOACAN,16,83,32925
MICHOACAN,16,84,31142
MICHOACAN,16,85,35539
MICHOACAN,16,86,16371
MICHOACAN,16,87,15595
MICHOACAN,16,88,121443
MICHOACAN,16,89,25050
MICHOACAN,16,90,16002
MICHOACAN,16,91,15468
MICHOACAN,16,92,14081
MICHOACAN,16,93,30523
MICHOACAN,16,94,6692
MICHOACAN,16,95,12705
MICHOACAN,16,96,6917
MICHOACAN,16,97,32603
MICHOACAN,16,98,28591
MICHOACAN,16,99,15969
MICHOACAN,16,100,15255
MICHOACAN,16,101,9001
MICHOACAN,16,102,357411
MICHOACAN,16,103,26298
MICHOACAN,16,104,17529
MICHOACAN,16,105,21871
MICHOACAN,16,106,33393
MICHOACAN,16,107,80210
MICHOACAN,16,108,209464
MICHOACAN,16,109,3366
MICHOACAN,16,110,49709
MICHOACAN,16,111,18430
MICHOACAN,16,112,173110
MICHOACAN,16,113,27706
MORELOS,17,1,19027
MORELOS,17,2,24539
MORELOS,17,3,38630
MORELOS,17,4,92008
MORELOS,17,5,10598
MORELOS,17,6,210626
MORELOS,17,7,402642
MORELOS,17,8,108281
MORELOS,17,9,20598
MORELOS,17,10,18581
MORELOS,17,11,229487
MORELOS,17,12,61927
MORELOS,17,13,16898
MORELOS,17,14,10792
MORELOS,17,15,28523
MORELOS,17,16,19907
MORELOS,17,17,71639
MORELOS,17,18,124966
MORELOS,17,19,29162
MORELOS,17,20,52178
MORELOS,17,21,8416
MORELOS,17,22,22253
MORELOS,17,23,7800
MORELOS,17,24,56098
MORELOS,17,25,36529
MORELOS,17,26,19342
MORELOS,17,27,12940
MORELOS,17,28,75599
MORELOS,17,29,110977
MORELOS,17,30,57081
MORELOS,17,31,39508
MORELOS,17,32,10300
MORELOS,17,33,17162
NAYARIT,18,1,40818
NAYARIT,18,2,17424
NAYARIT,18,3,12895
NAYARIT,18,4,82930
NAYARIT,18,5,13696
NAYARIT,18,6,32137
NAYARIT,18,7,20227
NAYARIT,18,8,62948
NAYARIT,18,9,45948
NAYARIT,18,10,37447
NAYARIT,18,11,27260
NAYARIT,18,12,48613
NAYARIT,18,13,8320
NAYARIT,18,14,25762
NAYARIT,18,15,107367
NAYARIT,18,16,43484
NAYARIT,18,17,451727
NAYARIT,18,18,33734
NAYARIT,18,19,15065
NAYARIT,18,20,178343
NUEVO LEON,19,1,2926
NUEVO LEON,19,2,2595
NUEVO LEON,19,3,1535
NUEVO LEON,19,4,38797
NUEVO LEON,19,5,20134
NUEVO LEON,19,6,676062
NUEVO LEON,19,7,18031
NUEVO LEON,19,8,4441
NUEVO LEON,19,9,106525
NUEVO LEON,19,10,48695
NUEVO LEON,19,11,8352
NUEVO LEON,19,12,51865
NUEVO LEON,19,13,12086
NUEVO LEON,19,14,38266
NUEVO LEON,19,15,1874
NUEVO LEON,19,16,3314
NUEVO LEON,19,17,45483
NUEVO LEON,19,18,309453
NUEVO LEON,19,19,138945
NUEVO LEON,19,20,6204
NUEVO LEON,19,21,472873
NUEVO LEON,19,22,16479
NUEVO LEON,19,23,1199
NUEVO LEON,19,24,6672
NUEVO LEON,19,25,94516
NUEVO LEON,19,26,715442
NUEVO LEON,19,27,2019
NUEVO LEON,19,28,1732
NUEVO LEON,19,29,7833
NUEVO LEON,19,30,4025
NUEVO LEON,19,31,406584
NUEVO LEON,19,32,5855
NUEVO LEON,19,33,89739
NUEVO LEON,19,34,6248
NUEVO LEON,19,35,1087
NUEVO LEON,19,36,7662
NUEVO LEON,19,37,5923
NUEVO LEON,19,38,68518
NUEVO LEON,19,39,1136308
NUEVO LEON,19,40,1093
NUEVO LEON,19,41,115959
NUEVO LEON,19,42,5221
NUEVO LEON,19,43,3029
NUEVO LEON,19,44,39518
NUEVO LEON,19,45,63214
NUEVO LEON,19,46,476051
NUEVO LEON,19,47,15960
NUEVO LEON,19,48,325468
NUEVO LEON,19,49,47500
NUEVO LEON,19,50,1963
NUEVO LEON,19,51,4615
OAXACA,20,1,1019
OAXACA,20,2,47807
OAXACA,20,3,2172
OAXACA,20,4,1035
OAXACA,20,5,15904
OAXACA,20,6,19820
OAXACA,20,7,2470
OAXACA,20,8,806
OAXACA,20,9,7497
OAXACA,20,10,14953
OAXACA,20,11,1202
OAXACA,20,12,10893
OAXACA,20,13,3126
OAXACA,20,14,30640
OAXACA,20,15,4702
OAXACA,20,16,10480
OAXACA,20,17,3400
OAXACA,20,18,828
OAXACA,20,19,3085
OAXACA,20,20,4097
OAXACA,20,21,16315
OAXACA,20,22,783
OAXACA,20,23,23050
OAXACA,20,24,3805
OAXACA,20,25,12112
OAXACA,20,26,9508
OAXACA,20,27,2426
OAXACA,20,28,22126
OAXACA,20,29,4466
OAXACA,20,30,9170
OAXACA,20,31,7713
OAXACA,20,32,1072
OAXACA,20,33,2847
OAXACA,20,34,1326
OAXACA,20,35,572
OAXACA,20,36,5481
OAXACA,20,37,4576
OAXACA,20,38,2024
OAXACA,20,39,82042
OAXACA,20,40,6461
OAXACA,20,41,32481
OAXACA,20,42,8565
OAXACA,20,43,103862
OAXACA,20,44,44814
OAXACA,20,45,9430
OAXACA,20,46,3319
OAXACA,20,47,97
OAXACA,20,48,1401
OAXACA,20,49,1215
OAXACA,20,50,3649
OAXACA,20,51,4801
OAXACA,20,52,6382
OAXACA,20,53,1306
OAXACA,20,54,428
OAXACA,20,55,3709
OAXACA,20,56,1504
OAXACA,20,57,40772
OAXACA,20,58,13527
OAXACA,20,59,46088
OAXACA,20,60,2714
OAXACA,20,61,2871
OAXACA,20,62,643
OAXACA,20,63,4264
OAXACA,20,64,7761
OAXACA,20,65,1178
OAXACA,20,66,5602
OAXACA,20,67,258773
OAXACA,20,68,23058
OAXACA,20,69,2766
OAXACA,20,70,7230
OAXACA,20,71,2999
OAXACA,20,72,7096
OAXACA,20,73,34792
OAXACA,20,74,558
OAXACA,20,75,2909
OAXACA,20,76,3326
OAXACA,20,77,4135
OAXACA,20,78,1165
OAXACA,20,79,93104
OAXACA,20,80,1485
OAXACA,20,81,1800
OAXACA,20,82,4082
OAXACA,20,83,10287
OAXACA,20,84,4314
OAXACA,20,85,25881
OAXACA,20,86,983
OAXACA,20,87,4651
OAXACA,20,88,2875
OAXACA,20,89,2200
OAXACA,20,90,6405
OAXACA,20,91,5691
OAXACA,20,92,1682
OAXACA,20,93,507
OAXACA,20,94,1806
OAXACA,20,95,4525
OAXACA,20,96,781
OAXACA,20,97,1787
OAXACA,20,98,4598
OAXACA,20,99,529
OAXACA,20,100,465
OAXACA,20,101,734
OAXACA,20,102,4879
OAXACA,20,103,6379
OAXACA,20,104,2813
OAXACA,20,105,7491
OAXACA,20,106,265
OAXACA,20,107,25849
OAXACA,20,108,4582
OAXACA,20,109,1280
OAXACA,20,110,1644
OAXACA,20,111,4479
OAXACA,20,112,2617
OAXACA,20,113,3081
OAXACA,20,114,679
OAXACA,20,115,10297
OAXACA,20,116,4689
OAXACA,20,117,2412
OAXACA,20,118,2545
OAXACA,20,119,393
OAXACA,20,120,312
OAXACA,20,121,674
OAXACA,20,122,678
OAXACA,20,123,2805
OAXACA,20,124,18971
OAXACA,20,125,12653
OAXACA,20,126,5461
OAXACA,20,127,1146
OAXACA,20,128,1313
OAXACA,20,129,379
OAXACA,20,130,5379
OAXACA,20,131,11168
OAXACA,20,132,1203
OAXACA,20,133,3911
OAXACA,20,134,29135
OAXACA,20,135,8252
OAXACA,20,136,12041
OAXACA,20,137,3521
OAXACA,20,138,452
OAXACA,20,139,2148
OAXACA,20,140,848
OAXACA,20,141,8142
OAXACA,20,142,1112
OAXACA,20,143,9311
OAXACA,20,144,1028
OAXACA,20,145,4625
OAXACA,20,146,3054
OAXACA,20,147,390
OAXACA,20,148,1977
OAXACA,20,149,1791
OAXACA,20,150,13593
OAXACA,20,151,343
OAXACA,20,152,2369
OAXACA,20,153,5122
OAXACA,20,154,2601
OAXACA,20,155,1013
OAXACA,20,156,3555
OAXACA,20,157,18514
OAXACA,20,158,2251
OAXACA,20,159,5502
OAXACA,20,160,1404
OAXACA,20,161,2706
OAXACA,20,162,2010
OAXACA,20,163,1677
OAXACA,20,164,2936
OAXACA,20,165,1610
OAXACA,20,166,12670
OAXACA,20,167,2217
OAXACA,20,168,1102
OAXACA,20,169,3819
OAXACA,20,170,3623
OAXACA,20,171,18977
OAXACA,20,172,418
OAXACA,20,173,1550
OAXACA,20,174,4246
OAXACA,20,175,1657
OAXACA,20,176,2758
OAXACA,20,177,10403
OAXACA,20,178,7987
OAXACA,20,179,1566
OAXACA,20,180,2677
OAXACA,20,181,459
OAXACA,20,182,2242
OAXACA,20,183,1442
OAXACA,20,184,171422
OAXACA,20,185,9315
OAXACA,20,186,605
OAXACA,20,187,2166
OAXACA,20,188,10385
OAXACA,20,189,2959
OAXACA,20,190,24629
OAXACA,20,191,347
OAXACA,20,192,1600
OAXACA,20,193,2794
OAXACA,20,194,1325
OAXACA,20,195,1110
OAXACA,20,196,438
OAXACA,20,197,3432
OAXACA,20,198,30987
OAXACA,20,199,645
OAXACA,20,200,3992
OAXACA,20,201,2030
OAXACA,20,202,4992
OAXACA,20,203,3439
OAXACA,20,204,678
OAXACA,20,205,17595
OAXACA,20,206,2504
OAXACA,20,207,19318
OAXACA,20,208,7127
OAXACA,20,209,699
OAXACA,20,210,6145
OAXACA,20,211,2767
OAXACA,20,212,3051
OAXACA,20,213,4131
OAXACA,20,214,2131
OAXACA,20,215,847
OAXACA,20,216,1394
OAXACA,20,217,3073
OAXACA,20,218,639
OAXACA,20,219,2719
OAXACA,20,220,2739
OAXACA,20,221,1293
OAXACA,20,222,1565
OAXACA,20,223,483
OAXACA,20,224,615
OAXACA,20,225,6380
OAXACA,20,226,2896
OAXACA,20,227,16819
OAXACA,20,228,846
OAXACA,20,229,8588
OAXACA,20,230,1019
OAXACA,20,231,3140
OAXACA,20,232,21061
OAXACA,20,233,1797
OAXACA,20,234,7731
OAXACA,20,235,3798
OAXACA,20,236,1560
OAXACA,20,237,1377
OAXACA,20,238,890
OAXACA,20,239,1092
OAXACA,20,240,2303
OAXACA,20,241,1124
OAXACA,20,242,12573
OAXACA,20,243,1890
OAXACA,20,244,3990
OAXACA,20,245,1331
OAXACA,20,246,652
OAXACA,20,247,1634
OAXACA,20,248,15897
OAXACA,20,249,3776
OAXACA,20,250,1188
OAXACA,20,251,1185
OAXACA,20,252,2229
OAXACA,20,253,1936
OAXACA,20,254,3263
OAXACA,20,255,2118
OAXACA,20,256,231
OAXACA,20,257,1072
OAXACA,20,258,781
OAXACA,20,259,2493
OAXACA,20,260,2279
OAXACA,20,261,7864
OAXACA,20,262,1021
OAXACA,20,263,3423
OAXACA,20,264,2231
OAXACA,20,265,7151
OAXACA,20,266,8627
OAXACA,20,267,278
OAXACA,20,268,1045
OAXACA,20,269,4439
OAXACA,20,270,1154
OAXACA,20,271,3340
OAXACA,20,272,6749
OAXACA,20,273,3476
OAXACA,20,274,1340
OAXACA,20,275,8608
OAXACA,20,276,728
OAXACA,20,277,12716
OAXACA,20,278,40640
OAXACA,20,279,2841
OAXACA,20,280,2379
OAXACA,20,281,314
OAXACA,20,282,757
OAXACA,20,283,1057
OAXACA,20,284,3215
OAXACA,20,285,3811
OAXACA,20,286,3251
OAXACA,20,287,316
OAXACA,20,288,625
OAXACA,20,289,1200
OAXACA,20,290,1048
OAXACA,20,291,4385
OAXACA,20,292,1452
OAXACA,20,293,19440
OAXACA,20,294,7512
OAXACA,20,295,9844
OAXACA,20,296,929
OAXACA,20,297,2482
OAXACA,20,298,13287
OAXACA,20,299,1112
OAXACA,20,300,7058
OAXACA,20,301,1601
OAXACA,20,302,4639
OAXACA,20,303,1148
OAXACA,20,304,768
OAXACA,20,305,4461
OAXACA,20,306,3753
OAXACA,20,307,10291
OAXACA,20,308,3294
OAXACA,20,309,11842
OAXACA,20,310,9480
OAXACA,20,311,576
OAXACA,20,312,12850
OAXACA,20,313,803
OAXACA,20,314,1675
OAXACA,20,315,1723
OAXACA,20,316,727
OAXACA,20,317,1297
OAXACA,20,318,51694
OAXACA,20,319,1115
OAXACA,20,320,702
OAXACA,20,321,749
OAXACA,20,322,849
OAXACA,20,323,2209
OAXACA,20,324,49668
OAXACA,20,325,11409
OAXACA,20,326,5259
OAXACA,20,327,15403
OAXACA,20,328,1257
OAXACA,20,329,1280
OAXACA,20,330,4429
OAXACA,20,331,940
OAXACA,20,332,378
OAXACA,20,333,2749
OAXACA,20,334,47438
OAXACA,20,335,957
OAXACA,20,336,1797
OAXACA,20,337,5430
OAXACA,20,338,11550
OAXACA,20,339,4326
OAXACA,20,340,1792
OAXACA,20,341,238
OAXACA,20,342,3773
OAXACA,20,343,2003
OAXACA,20,344,2811
OAXACA,20,345,4252
OAXACA,20,346,1507
OAXACA,20,347,3800
OAXACA,20,348,8573
OAXACA,20,349,2040
OAXACA,20,350,19241
OAXACA,20,351,2893
OAXACA,20,352,4401
OAXACA,20,353,2280
OAXACA,20,354,532
OAXACA,20,355,739
OAXACA,20,356,2158
OAXACA,20,357,838
OAXACA,20,358,2090
OAXACA,20,359,925
OAXACA,20,360,3940
OAXACA,20,361,949
OAXACA,20,362,1522
OAXACA,20,363,2725
OAXACA,20,364,16369
OAXACA,20,365,1139
OAXACA,20,366,3968
OAXACA,20,367,4683
OAXACA,20,368,2032
OAXACA,20,369,2025
OAXACA,20,370,683
OAXACA,20,371,1106
OAXACA,20,372,1744
OAXACA,20,373,383
OAXACA,20,374,1642
OAXACA,20,375,13858
OAXACA,20,376,379
OAXACA,20,377,12023
OAXACA,20,378,3680
OAXACA,20,379,3077
OAXACA,20,380,2252
OAXACA,20,381,2804
OAXACA,20,382,1153
OAXACA,20,383,627
OAXACA,20,384,5006
OAXACA,20,385,100124
OAXACA,20,386,19077
OAXACA,20,387,2952
OAXACA,20,388,2490
OAXACA,20,389,948
OAXACA,20,390,52229
OAXACA,20,391,3565
OAXACA,20,392,6695
OAXACA,20,393,4001
OAXACA,20,394,2910
OAXACA,20,395,1795
OAXACA,20,396,3393
OAXACA,20,397,42981
OAXACA,20,398,4434
OAXACA,20,399,37724
OAXACA,20,400,1698
OAXACA,20,401,25348
OAXACA,20,402,1106
OAXACA,20,403,3289
OAXACA,20,404,773
OAXACA,20,405,2236
OAXACA,20,406,21033
OAXACA,20,407,9410
OAXACA,20,408,522
OAXACA,20,409,9462
OAXACA,20,410,3512
OAXACA,20,411,856
OAXACA,20,412,3277
OAXACA,20,413,47172
OAXACA,20,414,11915
OAXACA,20,415,5176
OAXACA,20,416,509
OAXACA,20,417,9630
OAXACA,20,418,13724
OAXACA,20,419,539
OAXACA,20,420,2032
OAXACA,20,421,4861
OAXACA,20,422,618
OAXACA,20,423,507
OAXACA,20,424,3964
OAXACA,20,425,2203
OAXACA,20,426,8824
OAXACA,20,427,17208
OAXACA,20,428,2016
OAXACA,20,429,1523
OAXACA,20,430,391
OAXACA,20,431,1747
OAXACA,20,432,961
OAXACA,20,433,2686
OAXACA,20,434,4410
OAXACA,20,435,3940
OAXACA,20,436,1026
OAXACA,20,437,9648
OAXACA,20,438,1767
OAXACA,20,439,26531
OAXACA,20,440,852
OAXACA,20,441,9197
OAXACA,20,442,286
OAXACA,20,443,521
OAXACA,20,444,428
OAXACA,20,445,1710
OAXACA,20,446,6483
OAXACA,20,447,16631
OAXACA,20,448,2298
OAXACA,20,449,3133
OAXACA,20,450,13167
OAXACA,20,451,929
OAXACA,20,452,4109
OAXACA,20,453,4142
OAXACA,20,454,3127
OAXACA,20,455,2818
OAXACA,20,456,1681
OAXACA,20,457,3284
OAXACA,20,458,983
OAXACA,20,459,4656
OAXACA,20,460,5347
OAXACA,20,461,567
OAXACA,20,462,4339
OAXACA,20,463,536
OAXACA,20,464,366
OAXACA,20,465,1690
OAXACA,20,466,13378
OAXACA,20,467,19814
OAXACA,20,468,14526
OAXACA,20,469,37559
OAXACA,20,470,4855
OAXACA,20,471,519
OAXACA,20,472,3558
OAXACA,20,473,1363
OAXACA,20,474,3411
OAXACA,20,475,10296
OAXACA,20,476,429
OAXACA,20,477,1429
OAXACA,20,478,1823
OAXACA,20,479,212
OAXACA,20,480,951
OAXACA,20,481,1786
OAXACA,20,482,55577
OAXACA,20,483,11034
OAXACA,20,484,4644
OAXACA,20,485,3190
OAXACA,20,486,2572
OAXACA,20,487,2129
OAXACA,20,488,128
OAXACA,20,489,5095
OAXACA,20,490,3230
OAXACA,20,491,4587
OAXACA,20,492,3008
OAXACA,20,493,566
OAXACA,20,494,4926
OAXACA,20,495,3119
OAXACA,20,496,2172
OAXACA,20,497,4495
OAXACA,20,498,7157
OAXACA,20,499,2222
OAXACA,20,500,8742
OAXACA,20,501,953
OAXACA,20,502,5490
OAXACA,20,503,403
OAXACA,20,504,1690
OAXACA,20,505,8349
OAXACA,20,506,800
OAXACA,20,507,3545
OAXACA,20,508,1581
OAXACA,20,509,11583
OAXACA,20,510,667
OAXACA,20,511,3339
OAXACA,20,512,842
OAXACA,20,513,9577
OAXACA,20,514,1064
OAXACA,20,515,68457
OAXACA,20,516,5209
OAXACA,20,517,5937
OAXACA,20,518,142
OAXACA,20,519,3097
OAXACA,20,520,7228
OAXACA,20,521,249
OAXACA,20,522,1213
OAXACA,20,523,1624
OAXACA,20,524,308
OAXACA,20,525,12723
OAXACA,20,526,18403
OAXACA,20,527,2746
OAXACA,20,528,1015
OAXACA,20,529,1343
OAXACA,20,530,3745
OAXACA,20,531,2777
OAXACA,20,532,3936
OAXACA,20,533,2349
OAXACA,20,534,4068
OAXACA,20,535,2914
OAXACA,20,536,446
OAXACA,20,537,6927
OAXACA,20,538,715
OAXACA,20,539,6000
OAXACA,20,540,8081
OAXACA,20,541,1707
OAXACA,20,542,841
OAXACA,20,543,6018
OAXACA,20,544,968
OAXACA,20,545,10412
OAXACA,20,546,6104
OAXACA,20,547,993
OAXACA,20,548,1708
OAXACA,20,549,11418
OAXACA,20,550,5788
OAXACA,20,551,24343
OAXACA,20,552,472
OAXACA,20,553,11013
OAXACA,20,554,5591
OAXACA,20,555,3107
OAXACA,20,556,261
OAXACA,20,557,16202
OAXACA,20,558,1471
OAXACA,20,559,23433
OAXACA,20,560,7040
OAXACA,20,561,2954
OAXACA,20,562,1615
OAXACA,20,563,1293
OAXACA,20,564,1201
OAXACA,20,565,47539
OAXACA,20,566,3166
OAXACA,20,567,3279
OAXACA,20,568,1499
OAXACA,20,569,1675
OAXACA,20,570,20997
PUEBLA,21,1,69772
PUEBLA,21,2,9780
PUEBLA,21,3,37987
PUEBLA,21,4,63181
PUEBLA,21,5,3145
PUEBLA,21,6,16913
PUEBLA,21,7,3437
PUEBLA,21,8,12207
PUEBLA,21,9,1892
PUEBLA,21,10,70758
PUEBLA,21,11,1918
PUEBLA,21,12,6978
PUEBLA,21,13,22823
PUEBLA,21,14,5279
PUEBLA,21,15,127789
PUEBLA,21,16,9288
PUEBLA,21,17,30347
PUEBLA,21,18,4036
PUEBLA,21,19,145183
PUEBLA,21,20,7481
PUEBLA,21,21,1399
PUEBLA,21,22,13058
PUEBLA,21,23,9807
PUEBLA,21,24,989
PUEBLA,21,25,9170
PUEBLA,21,26,15468
PUEBLA,21,27,4158
PUEBLA,21,28,2819
PUEBLA,21,29,3948
PUEBLA,21,30,801
PUEBLA,21,31,3130
PUEBLA,21,32,1427
PUEBLA,21,33,5208
PUEBLA,21,34,43715
PUEBLA,21,35,21969
PUEBLA,21,36,14916
PUEBLA,21,37,2468
PUEBLA,21,38,10830
PUEBLA,21,39,9949
PUEBLA,21,40,11037
PUEBLA,21,41,129434
PUEBLA,21,42,3315
PUEBLA,21,43,51520
PUEBLA,21,44,16802
PUEBLA,21,45,50678
PUEBLA,21,46,8343
PUEBLA,21,47,21281
PUEBLA,21,48,21692
PUEBLA,21,49,17795
PUEBLA,21,50,27617
PUEBLA,21,51,36761
PUEBLA,21,52,1263
PUEBLA,21,53,67029
PUEBLA,21,54,36641
PUEBLA,21,55,4890
PUEBLA,21,56,1514
PUEBLA,21,57,8446
PUEBLA,21,58,21114
PUEBLA,21,59,2414
PUEBLA,21,60,8027
PUEBLA,21,61,13561
PUEBLA,21,62,5140
PUEBLA,21,63,15921
PUEBLA,21,64,18150
PUEBLA,21,65,22112
PUEBLA,21,66,6134
PUEBLA,21,67,18197
PUEBLA,21,68,8207
PUEBLA,21,69,26414
PUEBLA,21,70,6904
PUEBLA,21,71,112443
PUEBLA,21,72,19899
PUEBLA,21,73,9032
PUEBLA,21,74,79355
PUEBLA,21,75,13656
PUEBLA,21,76,27913
PUEBLA,21,77,5823
PUEBLA,21,78,16072
PUEBLA,21,79,5855
PUEBLA,21,80,2824
PUEBLA,21,81,3817
PUEBLA,21,82,9518
PUEBLA,21,83,25861
PUEBLA,21,84,7544
PUEBLA,21,85,83163
PUEBLA,21,86,12874
PUEBLA,21,87,13909
PUEBLA,21,88,4857
PUEBLA,21,89,13874
PUEBLA,21,90,22870
PUEBLA,21,91,11506
PUEBLA,21,92,5618
PUEBLA,21,93,8323
PUEBLA,21,94,36354
PUEBLA,21,95,602
PUEBLA,21,96,3037
PUEBLA,21,97,2518
PUEBLA,21,98,6588
PUEBLA,21,99,20569
PUEBLA,21,100,10554
PUEBLA,21,101,3668
PUEBLA,21,102,13295
PUEBLA,21,103,6725
PUEBLA,21,104,33418
PUEBLA,21,105,5097
PUEBLA,21,106,30269
PUEBLA,21,107,12426
PUEBLA,21,108,19569
PUEBLA,21,109,23544
PUEBLA,21,110,49359
PUEBLA,21,111,19630
PUEBLA,21,112,10325
PUEBLA,21,113,4668
PUEBLA,21,114,1711529
PUEBLA,21,115,54496
PUEBLA,21,116,23495
PUEBLA,21,117,14801
PUEBLA,21,118,29401
PUEBLA,21,119,157342
PUEBLA,21,120,5919
PUEBLA,21,121,1272
PUEBLA,21,122,11148
PUEBLA,21,123,4154
PUEBLA,21,124,16849
PUEBLA,21,125,9729
PUEBLA,21,126,6703
PUEBLA,21,127,3680
PUEBLA,21,128,9402
PUEBLA,21,129,14263
PUEBLA,21,130,3558
PUEBLA,21,131,944
PUEBLA,21,132,163922
PUEBLA,21,133,669
PUEBLA,21,134,21853
PUEBLA,21,135,537
PUEBLA,21,136,13437
PUEBLA,21,137,10585
PUEBLA,21,138,12568
PUEBLA,21,139,3801
PUEBLA,21,140,141002
PUEBLA,21,141,3539
PUEBLA,21,142,32568
PUEBLA,21,143,33845
PUEBLA,21,144,16013
PUEBLA,21,145,14813
PUEBLA,21,146,861
PUEBLA,21,147,6771
PUEBLA,21,148,9458
PUEBLA,21,149,27553
PUEBLA,21,150,7718
PUEBLA,21,151,9184
PUEBLA,21,152,13183
PUEBLA,21,153,23765
PUEBLA,21,154,82654
PUEBLA,21,155,6079
PUEBLA,21,156,342751
PUEBLA,21,157,11954
PUEBLA,21,158,7600
PUEBLA,21,159,3947
PUEBLA,21,160,3355
PUEBLA,21,161,22022
PUEBLA,21,162,4369
PUEBLA,21,163,18632
PUEBLA,21,164,86387
PUEBLA,21,165,1160
PUEBLA,21,166,9095
PUEBLA,21,167,12182
PUEBLA,21,168,7239
PUEBLA,21,169,22605
PUEBLA,21,170,18138
PUEBLA,21,171,3827
PUEBLA,21,172,30073
PUEBLA,21,173,6311
PUEBLA,21,174,105747
PUEBLA,21,175,13578
PUEBLA,21,176,9148
PUEBLA,21,177,55654
PUEBLA,21,178,17769
PUEBLA,21,179,31208
PUEBLA,21,180,42818
PUEBLA,21,181,7569
PUEBLA,21,182,5329
PUEBLA,21,183,21459
PUEBLA,21,184,6900
PUEBLA,21,185,9008
PUEBLA,21,186,57718
PUEBLA,21,187,5698
PUEBLA,21,188,19186
PUEBLA,21,189,22639
PUEBLA,21,190,1297
PUEBLA,21,191,10030
PUEBLA,21,192,6832
PUEBLA,21,193,7506
PUEBLA,21,194,31463
PUEBLA,21,195,26092
PUEBLA,21,196,1680
PUEBLA,21,197,86772
PUEBLA,21,198,1284
PUEBLA,21,199,43028
PUEBLA,21,200,3618
PUEBLA,21,201,3519
PUEBLA,21,202,13493
PUEBLA,21,203,6887
PUEBLA,21,204,8546
PUEBLA,21,205,26684
PUEBLA,21,206,4710
PUEBLA,21,207,59222
PUEBLA,21,208,88551
PUEBLA,21,209,9047
PUEBLA,21,210,5980
PUEBLA,21,211,17420
PUEBLA,21,212,20324
PUEBLA,21,213,14176
PUEBLA,21,214,18265
PUEBLA,21,215,5284
PUEBLA,21,216,2585
PUEBLA,21,217,19734
QUERETARO,22,1,69262
QUERETARO,22,2,28450
QUERETARO,22,3,15014
QUERETARO,22,4,78055
QUERETARO,22,5,70110
QUERETARO,22,6,213526
QUERETARO,22,7,46601
QUERETARO,22,8,42916
QUERETARO,22,9,30075
QUERETARO,22,10,20500
QUERETARO,22,11,183234
QUERETARO,22,12,77600
QUERETARO,22,13,22337
QUERETARO,22,14,992423
QUERETARO,22,15,10475
QUERETARO,22,16,306881
QUERETARO,22,17,80132
QUERETARO,22,18,31946
QUINTANA ROO,23,1,103515
QUINTANA ROO,23,2,95254
QUINTANA ROO,23,3,23821
QUINTANA ROO,23,4,270144
QUINTANA ROO,23,5,863123
QUINTANA ROO,23,6,43680
QUINTANA ROO,23,7,32112
QUINTANA ROO,23,8,245816
QUINTANA ROO,23,9,37689
QUINTANA ROO,23,10,46235
SAN LUIS POTOSI,24,1,19072
SAN LUIS POTOSI,24,2,8735
SAN LUIS POTOSI,24,3,51104
SAN LUIS POTOSI,24,4,4323
SAN LUIS POTOSI,24,5,19830
SAN LUIS POTOSI,24,6,10282
SAN LUIS POTOSI,24,7,20233
SAN LUIS POTOSI,24,8,22881
SAN LUIS POTOSI,24,9,4808
SAN LUIS POTOSI,24,10,36241
SAN LUIS POTOSI,24,11,47791
SAN LUIS POTOSI,24,12,21732
SAN LUIS POTOSI,24,13,189166
SAN LUIS POTOSI,24,14,16202
SAN LUIS POTOSI,24,15,22006
SAN LUIS POTOSI,24,16,46043
SAN LUIS POTOSI,24,17,27880
SAN LUIS POTOSI,24,18,16812
SAN LUIS POTOSI,24,19,5805
SAN LUIS POTOSI,24,20,105119
SAN LUIS POTOSI,24,21,59793
SAN LUIS POTOSI,24,22,20423
SAN LUIS POTOSI,24,23,16419
SAN LUIS POTOSI,24,24,99583
SAN LUIS POTOSI,24,25,33443
SAN LUIS POTOSI,24,26,9781
SAN LUIS POTOSI,24,27,10863
SAN LUIS POTOSI,24,28,875955
SAN LUIS POTOSI,24,29,22141
SAN LUIS POTOSI,24,30,5405
SAN LUIS POTOSI,24,31,12339
SAN LUIS POTOSI,24,32,41952
SAN LUIS POTOSI,24,33,12639
SAN LUIS POTOSI,24,34,15570
SAN LUIS POTOSI,24,35,333151
SAN LUIS POTOSI,24,36,31805
SAN LUIS POTOSI,24,37,100795
SAN LUIS POTOSI,24,38,16208
SAN LUIS POTOSI,24,39,16164
SAN LUIS POTOSI,24,40,40969
SAN LUIS POTOSI,24,41,20664
SAN LUIS POTOSI,24,42,15979
SAN LUIS POTOSI,24,43,9625
SAN LUIS POTOSI,24,44,8071
SAN LUIS POTOSI,24,45,15296
SAN LUIS POTOSI,24,46,18758
SAN LUIS POTOSI,24,47,10270
SAN LUIS POTOSI,24,48,5631
SAN LUIS POTOSI,24,49,39169
SAN LUIS POTOSI,24,50,51861
SAN LUIS POTOSI,24,51,15626
SAN LUIS POTOSI,24,52,10675
SAN LUIS POTOSI,24,53,39176
SAN LUIS POTOSI,24,54,54438
SAN LUIS POTOSI,24,55,27333
SAN LUIS POTOSI,24,56,16120
SAN LUIS POTOSI,24,57,32245
SAN LUIS POTOSI,24,58,23305
SINALOA,25,1,484843
SINALOA,25,2,51071
SINALOA,25,3,32042
SINALOA,25,4,29515
SINALOA,25,5,17224
SINALOA,25,6,969979
SINALOA,25,7,34654
SINALOA,25,8,59317
SINALOA,25,9,63264
SINALOA,25,10,109122
SINALOA,25,11,318510
SINALOA,25,12,539543
SINALOA,25,13,48590
SINALOA,25,14,57514
SINALOA,25,15,87480
SINALOA,25,16,22227
SINALOA,25,17,95529
SINALOA,25,18,161185
SONORA,26,1,3066
SONORA,26,2,89275
SONORA,26,3,28205
SONORA,26,4,10422
SONORA,26,5,1296
SONORA,26,6,2977
SONORA,26,7,637
SONORA,26,8,1228
SONORA,26,9,875
SONORA,26,10,1555
SONORA,26,11,1754
SONORA,26,12,25147
SONORA,26,13,1821
SONORA,26,14,3711
SONORA,26,15,1655
SONORA,26,16,5621
SONORA,26,17,93248
SONORA,26,18,474408
SONORA,26,19,38459
SONORA,26,20,5337
SONORA,26,21,2155
SONORA,26,22,1083
SONORA,26,23,6836
SONORA,26,24,828
SONORA,26,25,61256
SONORA,26,26,67458
SONORA,26,27,9437
SONORA,26,28,1181
SONORA,26,29,173258
SONORA,26,30,958425
SONORA,26,31,1431
SONORA,26,32,1003
SONORA,26,33,87735
SONORA,26,34,1100
SONORA,26,35,13996
SONORA,26,36,34319
SONORA,26,37,1328
SONORA,26,38,5465
SONORA,26,39,6806
SONORA,26,40,2202
SONORA,26,41,14329
SONORA,26,42,178984
SONORA,26,43,256294
SONORA,26,44,498
SONORA,26,45,2982
SONORA,26,46,437
SONORA,26,47,10224
SONORA,26,48,73552
SONORA,26,49,3135
SONORA,26,50,1672
SONORA,26,51,5536
SONORA,26,52,6165
SONORA,26,53,457
SONORA,26,54,694
SONORA,26,55,209394
SONORA,26,56,10192
SONORA,26,57,1669
SONORA,26,58,18020
SONORA,26,59,2044
SONORA,26,60,1717
SONORA,26,61,1498
SONORA,26,62,1234
SONORA,26,63,1560
SONORA,26,64,1777
SONORA,26,65,1319
SONORA,26,66,9680
SONORA,26,67,1705
SONORA,26,68,1268
SONORA,26,69,6417
SONORA,26,70,18758
SONORA,26,71,24074
SONORA,26,72,15835
TABASCO,27,1,64981
TABASCO,27,2,278584
TABASCO,27,3,119115
TABASCO,27,4,747937
TABASCO,27,5,219807
TABASCO,27,6,149884
TABASCO,27,7,33309
TABASCO,27,8,202476
TABASCO,27,9,41692
TABASCO,27,10,95267
TABASCO,27,11,33083
TABASCO,27,12,178773
TABASCO,27,13,151679
TABASCO,27,14,103101
TABASCO,27,15,52578
TABASCO,27,16,63084
TABASCO,27,17,64308
TAMAULIPAS,28,1,12864
TAMAULIPAS,28,2,31056
TAMAULIPAS,28,3,259037
TAMAULIPAS,28,4,10501
TAMAULIPAS,28,5,4767
TAMAULIPAS,28,6,8519
TAMAULIPAS,28,7,16340
TAMAULIPAS,28,8,4430
TAMAULIPAS,28,9,225259
TAMAULIPAS,28,10,1989
TAMAULIPAS,28,11,9773
TAMAULIPAS,28,12,46708
TAMAULIPAS,28,13,16650
TAMAULIPAS,28,14,4836
TAMAULIPAS,28,15,16773
TAMAULIPAS,28,16,24660
TAMAULIPAS,28,17,16487
TAMAULIPAS,28,18,8557
TAMAULIPAS,28,19,18008
TAMAULIPAS,28,20,2712
TAMAULIPAS,28,21,126621
TAMAULIPAS,28,22,549472
TAMAULIPAS,28,23,4095
TAMAULIPAS,28,24,4367
TAMAULIPAS,28,25,29227
TAMAULIPAS,28,26,3845
TAMAULIPAS,28,27,423752
TAMAULIPAS,28,28,3772
TAMAULIPAS,28,29,14666
TAMAULIPAS,28,30,14934
TAMAULIPAS,28,31,1857
TAMAULIPAS,28,32,693288
TAMAULIPAS,28,33,134396
TAMAULIPAS,28,34,9478
TAMAULIPAS,28,35,59398
TAMAULIPAS,28,36,1107
TAMAULIPAS,28,37,26613
TAMAULIPAS,28,38,336957
TAMAULIPAS,28,39,31172
TAMAULIPAS,28,40,68308
TAMAULIPAS,28,41,370384
TAMAULIPAS,28,42,6599
TAMAULIPAS,28,43,25389
TLAXCALA,29,1,12192
TLAXCALA,29,2,16445
TLAXCALA,29,3,7094
TLAXCALA,29,4,18788
TLAXCALA,29,5,85720
TLAXCALA,29,6,52457
TLAXCALA,29,7,18467
TLAXCALA,29,8,16532
TLAXCALA,29,9,5776
TLAXCALA,29,10,78399
TLAXCALA,29,11,4937
TLAXCALA,29,12,9489
TLAXCALA,29,13,101295
TLAXCALA,29,14,15710
TLAXCALA,29,15,42376
TLAXCALA,29,16,7847
TLAXCALA,29,17,11723
TLAXCALA,29,18,41674
TLAXCALA,29,19,23019
TLAXCALA,29,20,10799
TLAXCALA,29,21,19593
TLAXCALA,29,22,7066
TLAXCALA,29,23,27615
TLAXCALA,29,24,29296
TLAXCALA,29,25,83331
TLAXCALA,29,26,22382
TLAXCALA,29,27,14116
TLAXCALA,29,28,26359
TLAXCALA,29,29,14771
TLAXCALA,29,30,16576
TLAXCALA,29,31,35278
TLAXCALA,29,32,15536
TLAXCALA,29,33,104385
TLAXCALA,29,34,46141
TLAXCALA,29,35,6362
TLAXCALA,29,36,24445
TLAXCALA,29,37,9567
TLAXCALA,29,38,18910
TLAXCALA,29,39,26064
TLAXCALA,29,40,11823
TLAXCALA,29,41,32951
TLAXCALA,29,42,14957
TLAXCALA,29,43,42376
TLAXCALA,29,44,47889
TLAXCALA,29,45,6500
TLAXCALA,29,46,4877
TLAXCALA,29,47,3316
TLAXCALA,29,48,20166
TLAXCALA,29,49,6099
TLAXCALA,29,50,11579
TLAXCALA,29,51,4159
TLAXCALA,29,52,6483
TLAXCALA,29,53,8132
TLAXCALA,29,54,6094
TLAXCALA,29,55,3361
TLAXCALA,29,56,8438
TLAXCALA,29,57,4996
TLAXCALA,29,58,9615
TLAXCALA,29,59,7768
TLAXCALA,29,60,5434
VERACRUZ,30,1,9168
VERACRUZ,30,2,3360
VERACRUZ,30,3,91514
VERACRUZ,30,4,46155
VERACRUZ,30,5,5728
VERACRUZ,30,6,24071
VERACRUZ,30,7,6863
VERACRUZ,30,8,10609
VERACRUZ,30,9,30940
VERACRUZ,30,10,68708
VERACRUZ,30,11,56987
VERACRUZ,30,12,8528
VERACRUZ,30,13,30280
VERACRUZ,30,14,48354
VERACRUZ,30,15,36075
VERACRUZ,30,16,28609
VERACRUZ,30,17,4316
VERACRUZ,30,18,1974
VERACRUZ,30,19,6720
VERACRUZ,30,20,11380
VERACRUZ,30,21,25160
VERACRUZ,30,22,22539
VERACRUZ,30,23,53115
VERACRUZ,30,24,16516
VERACRUZ,30,25,28155
VERACRUZ,30,26,24865
VERACRUZ,30,27,18506
VERACRUZ,30,28,153584
VERACRUZ,30,29,13516
VERACRUZ,30,30,45049
VERACRUZ,30,31,17885
VERACRUZ,30,32,52288
VERACRUZ,30,33,25047
VERACRUZ,30,34,28745
VERACRUZ,30,35,12540
VERACRUZ,30,36,11047
VERACRUZ,30,37,8895
VERACRUZ,30,38,98562
VERACRUZ,30,39,340936
VERACRUZ,30,40,60510
VERACRUZ,30,41,2390
VERACRUZ,30,42,5898
VERACRUZ,30,43,21300
VERACRUZ,30,44,230144
VERACRUZ,30,45,60247
VERACRUZ,30,46,17173
VERACRUZ,30,47,61294
VERACRUZ,30,48,146568
VERACRUZ,30,49,22069
VERACRUZ,30,50,17614
VERACRUZ,30,51,23573
VERACRUZ,30,52,12900
VERACRUZ,30,53,29774
VERACRUZ,30,54,13194
VERACRUZ,30,55,14214
VERACRUZ,30,56,7043
VERACRUZ,30,57,14857
VERACRUZ,30,58,58819
VERACRUZ,30,59,17177
VERACRUZ,30,60,17623
VERACRUZ,30,61,85668
VERACRUZ,30,62,22238
VERACRUZ,30,63,15264
VERACRUZ,30,64,4112
VERACRUZ,30,65,85419
VERACRUZ,30,66,28696
VERACRUZ,30,67,19611
VERACRUZ,30,68,71042
VERACRUZ,30,69,25952
VERACRUZ,30,70,19855
VERACRUZ,30,71,64124
VERACRUZ,30,72,22716
VERACRUZ,30,73,45573
VERACRUZ,30,74,7682
VERACRUZ,30,75,18346
VERACRUZ,30,76,14281
VERACRUZ,30,77,45590
VERACRUZ,30,78,14223
VERACRUZ,30,79,12064
VERACRUZ,30,80,24112
VERACRUZ,30,81,27721
VERACRUZ,30,82,16595
VERACRUZ,30,83,56851
VERACRUZ,30,84,6082
VERACRUZ,30,85,72856
VERACRUZ,30,86,46697
VERACRUZ,30,87,516265
VERACRUZ,30,88,5407
VERACRUZ,30,89,44089
VERACRUZ,30,90,12058
VERACRUZ,30,91,30627
VERACRUZ,30,92,40683
VERACRUZ,30,93,17705
VERACRUZ,30,94,41374
VERACRUZ,30,95,16671
VERACRUZ,30,96,1680
VERACRUZ,30,97,21084
VERACRUZ,30,98,3255
VERACRUZ,30,99,18954
VERACRUZ,30,100,25006
VERACRUZ,30,101,38665
VERACRUZ,30,102,111293
VERACRUZ,30,103,13001
VERACRUZ,30,104,17617
VERACRUZ,30,105,84763
VERACRUZ,30,106,4953
VERACRUZ,30,107,3142
VERACRUZ,30,108,165064
VERACRUZ,30,109,68044
VERACRUZ,30,110,12296
VERACRUZ,30,111,18214
VERACRUZ,30,112,23093
VERACRUZ,30,113,4832
VERACRUZ,30,114,11603
VERACRUZ,30,115,40043
VERACRUZ,30,116,17412
VERACRUZ,30,117,25294
VERACRUZ,30,118,135192
VERACRUZ,30,119,5998
VERACRUZ,30,120,17217
VERACRUZ,30,121,24544
VERACRUZ,30,122,18277
VERACRUZ,30,123,106431
VERACRUZ,30,124,166691
VERACRUZ,30,125,33539
VERACRUZ,30,126,35636
VERACRUZ,30,127,29206
VERACRUZ,30,128,77431
VERACRUZ,30,129,19207
VERACRUZ,30,130,39642
VERACRUZ,30,131,219503
VERACRUZ,30,132,20832
VERACRUZ,30,133,61252
VERACRUZ,30,134,24029
VERACRUZ,30,135,24667
VERACRUZ,30,136,8596
VERACRUZ,30,137,6243
VERACRUZ,30,138,44767
VERACRUZ,30,139,6568
VERACRUZ,30,140,3116
VERACRUZ,30,141,173917
VERACRUZ,30,142,35772
VERACRUZ,30,143,60744
VERACRUZ,30,144,34488
VERACRUZ,30,145,17237
VERACRUZ,30,146,3852
VERACRUZ,30,147,24408
VERACRUZ,30,148,29247
VERACRUZ,30,149,36224
VERACRUZ,30,150,12271
VERACRUZ,30,151,24541
VERACRUZ,30,152,13173
VERACRUZ,30,153,6091
VERACRUZ,30,154,13704
VERACRUZ,30,155,109371
VERACRUZ,30,156,6215
VERACRUZ,30,157,20839
VERACRUZ,30,158,25383
VERACRUZ,30,159,27449
VERACRUZ,30,160,110730
VERACRUZ,30,161,37562
VERACRUZ,30,162,7126
VERACRUZ,30,163,5443
VERACRUZ,30,164,17628
VERACRUZ,30,165,8921
VERACRUZ,30,166,10198
VERACRUZ,30,167,15484
VERACRUZ,30,168,16058
VERACRUZ,30,169,24113
VERACRUZ,30,170,11578
VERACRUZ,30,171,5652
VERACRUZ,30,172,21910
VERACRUZ,30,173,59819
VERACRUZ,30,174,111746
VERACRUZ,30,175,101652
VERACRUZ,30,176,5213
VERACRUZ,30,177,11897
VERACRUZ,30,178,14158
VERACRUZ,30,179,4178
VERACRUZ,30,180,12206
VERACRUZ,30,181,40269
VERACRUZ,30,182,19938
VERACRUZ,30,183,65438
VERACRUZ,30,184,8076
VERACRUZ,30,185,5617
VERACRUZ,30,186,7361
VERACRUZ,30,187,6014
VERACRUZ,30,188,18412
VERACRUZ,30,189,171137
VERACRUZ,30,190,2369
VERACRUZ,30,191,32704
VERACRUZ,30,192,21431
VERACRUZ,30,193,631173
VERACRUZ,30,194,12494
VERACRUZ,30,195,5716
VERACRUZ,30,196,19109
VERACRUZ,30,197,12613
VERACRUZ,30,198,7577
VERACRUZ,30,199,11932
VERACRUZ,30,200,14138
VERACRUZ,30,201,45995
VERACRUZ,30,202,15322
VERACRUZ,30,203,15836
VERACRUZ,30,204,50966
VERACRUZ,30,205,20720
VERACRUZ,30,206,31382
VERACRUZ,30,207,48898
VERACRUZ,30,208,26179
VERACRUZ,30,209,16362
VERACRUZ,30,210,30599
VERACRUZ,30,211,31576
VERACRUZ,30,212,15107
YUCATAN,31,1,7096
YUCATAN,31,2,17569
YUCATAN,31,3,11978
YUCATAN,31,4,6486
YUCATAN,31,5,2373
YUCATAN,31,6,9650
YUCATAN,31,7,7853
YUCATAN,31,8,4369
YUCATAN,31,9,5039
YUCATAN,31,10,2711
YUCATAN,31,11,8355
YUCATAN,31,12,4244
YUCATAN,31,13,12079
YUCATAN,31,14,1742
YUCATAN,31,15,5602
YUCATAN,31,16,3228
YUCATAN,31,17,4938
YUCATAN,31,18,3421
YUCATAN,31,19,39390
YUCATAN,31,20,4863
YUCATAN,31,21,9050
YUCATAN,31,22,4471
YUCATAN,31,23,5121
YUCATAN,31,24,3534
YUCATAN,31,25,5751
YUCATAN,31,26,4030
YUCATAN,31,27,8950
YUCATAN,31,28,2925
YUCATAN,31,29,6595
YUCATAN,31,30,4079
YUCATAN,31,31,2857
YUCATAN,31,32,17470
YUCATAN,31,33,21842
YUCATAN,31,34,6672
YUCATAN,31,35,6416
YUCATAN,31,36,8324
YUCATAN,31,37,5643
YUCATAN,31,38,35208
YUCATAN,31,39,4436
YUCATAN,31,40,29174
YUCATAN,31,41,111150
YUCATAN,31,42,5850
YUCATAN,31,43,3345
YUCATAN,31,44,7747
YUCATAN,31,45,2759
YUCATAN,31,46,3405
YUCATAN,31,47,6062
YUCATAN,31,48,24564
YUCATAN,31,49,3946
YUCATAN,31,50,974802
YUCATAN,31,51,3558
YUCATAN,31,52,39511
YUCATAN,31,53,13687
YUCATAN,31,54,3109
YUCATAN,31,55,7327
YUCATAN,31,56,33516
YUCATAN,31,57,8316
YUCATAN,31,58,27154
YUCATAN,31,59,63719
YUCATAN,31,60,1037
YUCATAN,31,61,3850
YUCATAN,31,62,5207
YUCATAN,31,63,5589
YUCATAN,31,64,1849
YUCATAN,31,65,2087
YUCATAN,31,66,4312
YUCATAN,31,67,10439
YUCATAN,31,68,3412
YUCATAN,31,69,9580
YUCATAN,31,70,4232
YUCATAN,31,71,1845
YUCATAN,31,72,1987
YUCATAN,31,73,5443
YUCATAN,31,74,4030
YUCATAN,31,75,7109
YUCATAN,31,76,18985
YUCATAN,31,77,2871
YUCATAN,31,78,4082
YUCATAN,31,79,45868
YUCATAN,31,80,11069
YUCATAN,31,81,3471
YUCATAN,31,82,4107
YUCATAN,31,83,1926
YUCATAN,31,84,7831
YUCATAN,31,85,16741
YUCATAN,31,86,2402
YUCATAN,31,87,5470
YUCATAN,31,88,2110
YUCATAN,31,89,43368
YUCATAN,31,90,7957
YUCATAN,31,91,12896
YUCATAN,31,92,7688
YUCATAN,31,93,19544
YUCATAN,31,94,5247
YUCATAN,31,95,5983
YUCATAN,31,96,83521
YUCATAN,31,97,3783
YUCATAN,31,98,15820
YUCATAN,31,99,4427
YUCATAN,31,100,4010
YUCATAN,31,101,58491
YUCATAN,31,102,87105
YUCATAN,31,103,3767
YUCATAN,31,104,16457
YUCATAN,31,105,3423
YUCATAN,31,106,2454
ZACATECAS,32,1,6357
ZACATECAS,32,2,5114
ZACATECAS,32,3,2628
ZACATECAS,32,4,4324
ZACATECAS,32,5,47717
ZACATECAS,32,6,8736
ZACATECAS,32,7,14047
ZACATECAS,32,8,13297
ZACATECAS,32,9,11929
ZACATECAS,32,10,244582
ZACATECAS,32,11,3031
ZACATECAS,32,12,8598
ZACATECAS,32,13,6652
ZACATECAS,32,14,22883
ZACATECAS,32,15,1343
ZACATECAS,32,16,24393
ZACATECAS,32,17,202014
ZACATECAS,32,18,4272
ZACATECAS,32,19,25554
ZACATECAS,32,20,63529
ZACATECAS,32,21,4451
ZACATECAS,32,22,22931
ZACATECAS,32,23,13451
ZACATECAS,32,24,57012
ZACATECAS,32,25,14061
ZACATECAS,32,26,18595
ZACATECAS,32,27,3148
ZACATECAS,32,28,2615
ZACATECAS,32,29,24995
ZACATECAS,32,30,2545
ZACATECAS,32,31,9778
ZACATECAS,32,32,13216
ZACATECAS,32,33,4215
ZACATECAS,32,34,29516
ZACATECAS,32,35,17783
ZACATECAS,32,36,45545
ZACATECAS,32,37,18928
ZACATECAS,32,38,77281
ZACATECAS,32,39,67883
ZACATECAS,32,40,23421
ZACATECAS,32,41,2519
ZACATECAS,32,42,65614
ZACATECAS,32,43,1441
ZACATECAS,32,44,16435
ZACATECAS,32,45,9242
ZACATECAS,32,46,7539
ZACATECAS,32,47,5143
ZACATECAS,32,48,28340
ZACATECAS,32,49,34995
ZACATECAS,32,50,10623
ZACATECAS,32,51,37313
ZACATECAS,32,52,20306
ZACATECAS,32,53,14035
ZACATECAS,32,54,20278
ZACATECAS,32,55,31980
ZACATECAS,32,56,156434
ZACATECAS,32,57,20440
ZACATECAS,32,58,2864
